timestamp,measurement_session,location_id,location_name_bg,latitude,longitude,temperature_c,nitrate_no3_mg_l,phosphate_po4_mg_l,turbidity_ntu,chlorophyll_a_ug_l
2025-05-15T08:00,morning,sarafovo,Сарафово,42.5695,27.521,17.84,0.397,0.038,3.66,9.79
2025-05-15T16:00,afternoon,sarafovo,Сарафово,42.5695,27.521,19.23,0.368,0.036,3.16,8.32
2025-05-15T08:00,morning,central_beach_burgas,Централен плаж Бургас,42.4924,27.4848,18.9,0.402,0.036,2.76,8.79
2025-05-15T16:00,afternoon,central_beach_burgas,Централен плаж Бургас,42.4924,27.4848,19.79,0.389,0.037,3.05,8.95
2025-05-15T08:00,morning,kraimorie,Крайморие,42.4428,27.4686,17.49,0.377,0.04,3.77,8.97
2025-05-15T16:00,afternoon,kraimorie,Крайморие,42.4428,27.4686,19.87,0.376,0.046,4.13,7.88
2025-05-16T08:00,morning,sarafovo,Сарафово,42.5695,27.521,18.25,0.346,0.031,3.4,10.54
2025-05-16T16:00,afternoon,sarafovo,Сарафово,42.5695,27.521,20.03,0.34,0.032,3.31,10.5
2025-05-16T08:00,morning,central_beach_burgas,Централен плаж Бургас,42.4924,27.4848,19.02,0.405,0.043,4.24,7.5
2025-05-16T16:00,afternoon,central_beach_burgas,Централен плаж Бургас,42.4924,27.4848,20.08,0.427,0.039,4.66,6.22
2025-05-16T08:00,morning,kraimorie,Крайморие,42.4428,27.4686,18.11,0.403,0.043,2.76,8.12
2025-05-16T16:00,afternoon,kraimorie,Крайморие,42.4428,27.4686,19.49,0.411,0.039,2.76,8.98
2025-05-17T08:00,morning,sarafovo,Сарафово,42.5695,27.521,17.62,0.369,0.041,3.63,8.19
2025-05-17T16:00,afternoon,sarafovo,Сарафово,42.5695,27.521,19.15,0.359,0.039,3.34,8.24
2025-05-17T08:00,morning,central_beach_burgas,Централен плаж Бургас,42.4924,27.4848,17.71,0.42,0.05,4.72,9.01
2025-05-17T16:00,afternoon,central_beach_burgas,Централен плаж Бургас,42.4924,27.4848,20.22,0.42,0.045,4.26,9.62
2025-05-17T08:00,morning,kraimorie,Крайморие,42.4428,27.4686,19.36,0.383,0.031,4.33,9.91
2025-05-17T16:00,afternoon,kraimorie,Крайморие,42.4428,27.4686,19.19,0.398,0.029,4.46,9.64
2025-05-18T08:00,morning,sarafovo,Сарафово,42.5695,27.521,18.54,0.409,0.026,3.36,8.91
2025-05-18T16:00,afternoon,sarafovo,Сарафово,42.5695,27.521,20.31,0.373,0.027,3.48,8.94
2025-05-18T08:00,morning,central_beach_burgas,Централен плаж Бургас,42.4924,27.4848,18.42,0.443,0.043,3.53,8.85
2025-05-18T16:00,afternoon,central_beach_burgas,Централен плаж Бургас,42.4924,27.4848,19.82,0.428,0.046,3.66,9.05
2025-05-18T08:00,morning,kraimorie,Крайморие,42.4428,27.4686,18.14,0.378,0.041,3.87,10.92
2025-05-18T16:00,afternoon,kraimorie,Крайморие,42.4428,27.4686,20.43,0.389,0.046,3.66,12.51
2025-05-19T08:00,morning,sarafovo,Сарафово,42.5695,27.521,18.93,0.38,0.03,3.38,7.14
2025-05-19T16:00,afternoon,sarafovo,Сарафово,42.5695,27.521,19.93,0.385,0.031,3.24,8.24
2025-05-19T08:00,morning,central_beach_burgas,Централен плаж Бургас,42.4924,27.4848,19.07,0.427,0.039,3.77,8.33
2025-05-19T16:00,afternoon,central_beach_burgas,Централен плаж Бургас,42.4924,27.4848,20.01,0.426,0.037,3.58,11.73
2025-05-19T08:00,morning,kraimorie,Крайморие,42.4428,27.4686,19.05,0.38,0.042,3.68,10.0
2025-05-19T16:00,afternoon,kraimorie,Крайморие,42.4428,27.4686,21.27,0.365,0.045,3.29,9.64
2025-05-20T08:00,morning,sarafovo,Сарафово,42.5695,27.521,18.44,0.388,0.036,3.89,9.57
2025-05-20T16:00,afternoon,sarafovo,Сарафово,42.5695,27.521,20.59,0.356,0.036,3.89,8.73
2025-05-20T08:00,morning,central_beach_burgas,Централен плаж Бургас,42.4924,27.4848,18.92,0.4,0.039,4.12,9.86
2025-05-20T16:00,afternoon,central_beach_burgas,Централен плаж Бургас,42.4924,27.4848,20.04,0.42,0.048,3.86,8.61
2025-05-20T08:00,morning,kraimorie,Крайморие,42.4428,27.4686,18.45,0.373,0.032,3.83,8.34
2025-05-20T16:00,afternoon,kraimorie,Крайморие,42.4428,27.4686,19.84,0.397,0.038,4.04,8.59
2025-05-21T08:00,morning,sarafovo,Сарафово,42.5695,27.521,19.14,0.417,0.03,3.84,10.0
2025-05-21T16:00,afternoon,sarafovo,Сарафово,42.5695,27.521,20.52,0.423,0.038,3.38,11.64
2025-05-21T08:00,morning,central_beach_burgas,Централен плаж Бургас,42.4924,27.4848,19.14,0.426,0.047,4.48,9.97
2025-05-21T16:00,afternoon,central_beach_burgas,Централен плаж Бургас,42.4924,27.4848,20.46,0.446,0.05,4.47,10.15
2025-05-21T08:00,morning,kraimorie,Крайморие,42.4428,27.4686,19.08,0.403,0.035,4.35,9.74
2025-05-21T16:00,afternoon,kraimorie,Крайморие,42.4428,27.4686,20.47,0.4,0.04,4.44,10.72
2025-05-22T08:00,morning,sarafovo,Сарафово,42.5695,27.521,19.14,0.478,0.054,5.46,8.36
2025-05-22T16:00,afternoon,sarafovo,Сарафово,42.5695,27.521,20.09,0.486,0.06,4.94,9.42
2025-05-22T08:00,morning,central_beach_burgas,Централен плаж Бургас,42.4924,27.4848,19.33,0.583,0.066,6.08,9.06
2025-05-22T16:00,afternoon,central_beach_burgas,Централен плаж Бургас,42.4924,27.4848,20.57,0.597,0.068,5.75,9.12
2025-05-22T08:00,morning,kraimorie,Крайморие,42.4428,27.4686,19.33,0.495,0.048,4.4,8.0
2025-05-22T16:00,afternoon,kraimorie,Крайморие,42.4428,27.4686,20.29,0.474,0.044,4.57,7.48
2025-05-23T08:00,morning,sarafovo,Сарафово,42.5695,27.521,19.07,0.62,0.085,6.34,9.01
2025-05-23T16:00,afternoon,sarafovo,Сарафово,42.5695,27.521,20.82,0.624,0.09,6.64,10.91
2025-05-23T08:00,morning,central_beach_burgas,Централен плаж Бургас,42.4924,27.4848,19.17,0.721,0.094,6.32,9.63
2025-05-23T16:00,afternoon,central_beach_burgas,Централен плаж Бургас,42.4924,27.4848,21.17,0.734,0.108,6.84,9.74
2025-05-23T08:00,morning,kraimorie,Крайморие,42.4428,27.4686,19.14,0.57,0.083,6.31,9.15
2025-05-23T16:00,afternoon,kraimorie,Крайморие,42.4428,27.4686,20.19,0.586,0.079,6.37,8.05
2025-05-24T08:00,morning,sarafovo,Сарафово,42.5695,27.521,19.73,0.671,0.078,7.46,10.9
2025-05-24T16:00,afternoon,sarafovo,Сарафово,42.5695,27.521,20.64,0.708,0.084,7.43,10.73
2025-05-24T08:00,morning,central_beach_burgas,Централен плаж Бургас,42.4924,27.4848,20.33,0.765,0.108,7.89,10.64
2025-05-24T16:00,afternoon,central_beach_burgas,Централен плаж Бургас,42.4924,27.4848,20.74,0.75,0.105,7.77,12.76
2025-05-24T08:00,morning,kraimorie,Крайморие,42.4428,27.4686,19.68,0.711,0.094,6.82,8.43
2025-05-24T16:00,afternoon,kraimorie,Крайморие,42.4428,27.4686,21.37,0.717,0.098,6.68,8.59
2025-05-25T08:00,morning,sarafovo,Сарафово,42.5695,27.521,19.21,0.56,0.071,6.0,12.36
2025-05-25T16:00,afternoon,sarafovo,Сарафово,42.5695,27.521,22.02,0.562,0.072,6.26,13.06
2025-05-25T08:00,morning,central_beach_burgas,Централен плаж Бургас,42.4924,27.4848,19.75,0.518,0.063,6.92,18.27
2025-05-25T16:00,afternoon,central_beach_burgas,Централен плаж Бургас,42.4924,27.4848,21.32,0.559,0.069,7.52,17.93
2025-05-25T08:00,morning,kraimorie,Крайморие,42.4428,27.4686,19.03,0.617,0.071,7.0,12.55
2025-05-25T16:00,afternoon,kraimorie,Крайморие,42.4428,27.4686,21.23,0.647,0.075,6.11,12.96
2025-05-26T08:00,morning,sarafovo,Сарафово,42.5695,27.521,20.14,0.406,0.027,5.55,18.51
2025-05-26T16:00,afternoon,sarafovo,Сарафово,42.5695,27.521,21.08,0.371,0.029,5.37,18.39
2025-05-26T08:00,morning,central_beach_burgas,Централен плаж Бургас,42.4924,27.4848,20.37,0.368,0.028,5.84,22.32
2025-05-26T16:00,afternoon,central_beach_burgas,Централен плаж Бургас,42.4924,27.4848,20.85,0.368,0.029,6.01,21.34
2025-05-26T08:00,morning,kraimorie,Крайморие,42.4428,27.4686,20.11,0.371,0.037,5.44,18.19
2025-05-26T16:00,afternoon,kraimorie,Крайморие,42.4428,27.4686,21.42,0.382,0.036,6.21,18.24
2025-05-27T08:00,morning,sarafovo,Сарафово,42.5695,27.521,19.52,0.273,0.011,4.84,22.85
2025-05-27T16:00,afternoon,sarafovo,Сарафово,42.5695,27.521,21.5,0.263,0.016,4.79,23.46
2025-05-27T08:00,morning,central_beach_burgas,Централен плаж Бургас,42.4924,27.4848,20.31,0.294,0.018,5.48,24.55
2025-05-27T16:00,afternoon,central_beach_burgas,Централен плаж Бургас,42.4924,27.4848,21.58,0.236,0.012,4.94,23.54
2025-05-27T08:00,morning,kraimorie,Крайморие,42.4428,27.4686,18.99,0.281,0.032,5.81,24.16
2025-05-27T16:00,afternoon,kraimorie,Крайморие,42.4428,27.4686,21.71,0.272,0.031,7.13,23.53
2025-05-28T08:00,morning,sarafovo,Сарафово,42.5695,27.521,20.07,0.236,0.015,5.06,21.46
2025-05-28T16:00,afternoon,sarafovo,Сарафово,42.5695,27.521,21.39,0.238,0.01,4.79,21.03
2025-05-28T08:00,morning,central_beach_burgas,Централен плаж Бургас,42.4924,27.4848,21.18,0.294,0.012,4.97,22.54
2025-05-28T16:00,afternoon,central_beach_burgas,Централен плаж Бургас,42.4924,27.4848,22.21,0.304,0.017,5.2,23.15
2025-05-28T08:00,morning,kraimorie,Крайморие,42.4428,27.4686,19.78,0.254,0.022,6.26,24.63
2025-05-28T16:00,afternoon,kraimorie,Крайморие,42.4428,27.4686,21.49,0.233,0.015,5.81,24.31
2025-05-29T08:00,morning,sarafovo,Сарафово,42.5695,27.521,19.44,0.263,0.03,3.89,15.76
2025-05-29T16:00,afternoon,sarafovo,Сарафово,42.5695,27.521,21.62,0.275,0.029,3.81,16.45
2025-05-29T08:00,morning,central_beach_burgas,Централен плаж Бургас,42.4924,27.4848,21.32,0.355,0.015,4.55,16.89
2025-05-29T16:00,afternoon,central_beach_burgas,Централен плаж Бургас,42.4924,27.4848,22.1,0.34,0.016,5.01,15.12
2025-05-29T08:00,morning,kraimorie,Крайморие,42.4428,27.4686,20.33,0.271,0.024,3.75,18.95
2025-05-29T16:00,afternoon,kraimorie,Крайморие,42.4428,27.4686,22.44,0.246,0.018,4.54,17.32
2025-05-30T08:00,morning,sarafovo,Сарафово,42.5695,27.521,20.66,0.294,0.022,5.23,13.23
2025-05-30T16:00,afternoon,sarafovo,Сарафово,42.5695,27.521,22.25,0.307,0.022,5.3,14.32
2025-05-30T08:00,morning,central_beach_burgas,Централен плаж Бургас,42.4924,27.4848,20.5,0.379,0.037,4.66,10.44
2025-05-30T16:00,afternoon,central_beach_burgas,Централен плаж Бургас,42.4924,27.4848,22.0,0.389,0.038,3.84,9.54
2025-05-30T08:00,morning,kraimorie,Крайморие,42.4428,27.4686,20.53,0.343,0.021,5.49,14.9
2025-05-30T16:00,afternoon,kraimorie,Крайморие,42.4428,27.4686,22.53,0.346,0.023,5.23,14.88
2025-05-31T08:00,morning,sarafovo,Сарафово,42.5695,27.521,20.4,0.35,0.025,3.79,8.7
2025-05-31T16:00,afternoon,sarafovo,Сарафово,42.5695,27.521,22.17,0.336,0.025,3.39,9.87
2025-05-31T08:00,morning,central_beach_burgas,Централен плаж Бургас,42.4924,27.4848,19.96,0.386,0.036,4.58,11.33
2025-05-31T16:00,afternoon,central_beach_burgas,Централен плаж Бургас,42.4924,27.4848,22.06,0.406,0.036,4.36,10.08
2025-05-31T08:00,morning,kraimorie,Крайморие,42.4428,27.4686,21.77,0.349,0.027,3.25,10.31
2025-05-31T16:00,afternoon,kraimorie,Крайморие,42.4428,27.4686,21.93,0.344,0.036,3.52,10.6
2025-06-01T08:00,morning,sarafovo,Сарафово,42.5695,27.521,20.95,0.328,0.035,5.33,11.86
2025-06-01T16:00,afternoon,sarafovo,Сарафово,42.5695,27.521,21.53,0.326,0.032,4.96,11.86
2025-06-01T08:00,morning,central_beach_burgas,Централен плаж Бургас,42.4924,27.4848,21.42,0.412,0.033,4.24,9.06
2025-06-01T16:00,afternoon,central_beach_burgas,Централен плаж Бургас,42.4924,27.4848,22.73,0.404,0.032,3.82,9.44
2025-06-01T08:00,morning,kraimorie,Крайморие,42.4428,27.4686,21.15,0.378,0.035,3.92,10.26
2025-06-01T16:00,afternoon,kraimorie,Крайморие,42.4428,27.4686,22.2,0.389,0.033,4.52,9.96
2025-06-02T08:00,morning,sarafovo,Сарафово,42.5695,27.521,20.11,0.35,0.034,4.62,11.79
2025-06-02T16:00,afternoon,sarafovo,Сарафово,42.5695,27.521,22.16,0.366,0.039,4.47,10.81
2025-06-02T08:00,morning,central_beach_burgas,Централен плаж Бургас,42.4924,27.4848,20.47,0.41,0.042,3.52,9.29
2025-06-02T16:00,afternoon,central_beach_burgas,Централен плаж Бургас,42.4924,27.4848,22.79,0.445,0.042,4.14,9.18
2025-06-02T08:00,morning,kraimorie,Крайморие,42.4428,27.4686,21.1,0.371,0.047,3.71,8.45
2025-06-02T16:00,afternoon,kraimorie,Крайморие,42.4428,27.4686,22.21,0.359,0.036,4.35,9.72
2025-06-03T08:00,morning,sarafovo,Сарафово,42.5695,27.521,21.01,0.317,0.034,4.94,9.85
2025-06-03T16:00,afternoon,sarafovo,Сарафово,42.5695,27.521,22.36,0.342,0.03,4.55,11.55
2025-06-03T08:00,morning,central_beach_burgas,Централен плаж Бургас,42.4924,27.4848,22.03,0.386,0.034,3.81,9.35
2025-06-03T16:00,afternoon,central_beach_burgas,Централен плаж Бургас,42.4924,27.4848,23.97,0.386,0.032,4.18,9.02
2025-06-03T08:00,morning,kraimorie,Крайморие,42.4428,27.4686,21.39,0.407,0.041,4.85,10.4
2025-06-03T16:00,afternoon,kraimorie,Крайморие,42.4428,27.4686,22.93,0.398,0.038,4.86,8.97
2025-06-04T08:00,morning,sarafovo,Сарафово,42.5695,27.521,21.08,0.335,0.034,4.3,11.29
2025-06-04T16:00,afternoon,sarafovo,Сарафово,42.5695,27.521,22.55,0.357,0.032,4.62,9.83
2025-06-04T08:00,morning,central_beach_burgas,Централен плаж Бургас,42.4924,27.4848,21.85,0.386,0.041,3.85,10.81
2025-06-04T16:00,afternoon,central_beach_burgas,Централен плаж Бургас,42.4924,27.4848,22.3,0.392,0.042,4.64,9.99
2025-06-04T08:00,morning,kraimorie,Крайморие,42.4428,27.4686,20.94,0.342,0.047,4.11,8.19
2025-06-04T16:00,afternoon,kraimorie,Крайморие,42.4428,27.4686,22.21,0.368,0.046,3.99,9.76
2025-06-05T08:00,morning,sarafovo,Сарафово,42.5695,27.521,21.09,0.333,0.021,4.53,9.23
2025-06-05T16:00,afternoon,sarafovo,Сарафово,42.5695,27.521,23.33,0.332,0.027,4.22,9.57
2025-06-05T08:00,morning,central_beach_burgas,Централен плаж Бургас,42.4924,27.4848,22.15,0.396,0.05,3.96,9.15
2025-06-05T16:00,afternoon,central_beach_burgas,Централен плаж Бургас,42.4924,27.4848,23.19,0.396,0.047,3.74,9.79
2025-06-05T08:00,morning,kraimorie,Крайморие,42.4428,27.4686,21.66,0.337,0.029,4.05,7.72
2025-06-05T16:00,afternoon,kraimorie,Крайморие,42.4428,27.4686,22.41,0.352,0.035,3.99,7.74
2025-06-06T08:00,morning,sarafovo,Сарафово,42.5695,27.521,21.21,0.375,0.025,3.32,10.09
2025-06-06T16:00,afternoon,sarafovo,Сарафово,42.5695,27.521,23.6,0.363,0.023,3.29,10.17
2025-06-06T08:00,morning,central_beach_burgas,Централен плаж Бургас,42.4924,27.4848,22.23,0.403,0.049,3.58,11.64
2025-06-06T16:00,afternoon,central_beach_burgas,Централен плаж Бургас,42.4924,27.4848,23.36,0.392,0.04,3.71,10.79
2025-06-06T08:00,morning,kraimorie,Крайморие,42.4428,27.4686,21.64,0.374,0.032,4.98,9.25
2025-06-06T16:00,afternoon,kraimorie,Крайморие,42.4428,27.4686,22.96,0.35,0.033,4.99,9.6
2025-06-07T08:00,morning,sarafovo,Сарафово,42.5695,27.521,22.24,0.368,0.03,4.3,8.55
2025-06-07T16:00,afternoon,sarafovo,Сарафово,42.5695,27.521,23.51,0.383,0.021,4.83,9.56
2025-06-07T08:00,morning,central_beach_burgas,Централен плаж Бургас,42.4924,27.4848,21.48,0.383,0.044,4.0,10.18
2025-06-07T16:00,afternoon,central_beach_burgas,Централен плаж Бургас,42.4924,27.4848,23.76,0.343,0.043,3.2,10.19
2025-06-07T08:00,morning,kraimorie,Крайморие,42.4428,27.4686,21.56,0.35,0.028,3.83,11.67
2025-06-07T16:00,afternoon,kraimorie,Крайморие,42.4428,27.4686,22.99,0.322,0.026,4.81,11.57
2025-06-08T08:00,morning,sarafovo,Сарафово,42.5695,27.521,21.81,0.358,0.033,4.08,9.6
2025-06-08T16:00,afternoon,sarafovo,Сарафово,42.5695,27.521,23.22,0.343,0.034,4.19,10.2
2025-06-08T08:00,morning,central_beach_burgas,Централен плаж Бургас,42.4924,27.4848,22.36,0.365,0.047,3.99,8.94
2025-06-08T16:00,afternoon,central_beach_burgas,Централен плаж Бургас,42.4924,27.4848,23.08,0.414,0.036,3.82,9.46
2025-06-08T08:00,morning,kraimorie,Крайморие,42.4428,27.4686,21.88,0.397,0.036,4.26,11.48
2025-06-08T16:00,afternoon,kraimorie,Крайморие,42.4428,27.4686,23.85,0.38,0.038,3.79,11.86
2025-06-09T08:00,morning,sarafovo,Сарафово,42.5695,27.521,21.89,0.368,0.046,4.48,9.22
2025-06-09T16:00,afternoon,sarafovo,Сарафово,42.5695,27.521,23.82,0.378,0.037,4.53,9.83
2025-06-09T08:00,morning,central_beach_burgas,Централен плаж Бургас,42.4924,27.4848,22.05,0.451,0.053,5.01,9.38
2025-06-09T16:00,afternoon,central_beach_burgas,Централен плаж Бургас,42.4924,27.4848,23.24,0.436,0.056,3.99,11.0
2025-06-09T08:00,morning,kraimorie,Крайморие,42.4428,27.4686,20.72,0.441,0.031,3.72,12.74
2025-06-09T16:00,afternoon,kraimorie,Крайморие,42.4428,27.4686,24.59,0.428,0.038,4.51,12.63
2025-06-10T08:00,morning,sarafovo,Сарафово,42.5695,27.521,21.75,0.485,0.06,4.32,9.52
2025-06-10T16:00,afternoon,sarafovo,Сарафово,42.5695,27.521,23.61,0.528,0.064,4.12,9.59
2025-06-10T08:00,morning,central_beach_burgas,Централен плаж Бургас,42.4924,27.4848,22.22,0.643,0.075,5.38,9.0
2025-06-10T16:00,afternoon,central_beach_burgas,Централен плаж Бургас,42.4924,27.4848,24.02,0.662,0.079,5.34,10.93
2025-06-10T08:00,morning,kraimorie,Крайморие,42.4428,27.4686,21.99,0.48,0.052,4.42,11.37
2025-06-10T16:00,afternoon,kraimorie,Крайморие,42.4428,27.4686,23.06,0.48,0.052,5.23,10.04
2025-06-11T08:00,morning,sarafovo,Сарафово,42.5695,27.521,21.47,0.711,0.092,7.44,10.69
2025-06-11T16:00,afternoon,sarafovo,Сарафово,42.5695,27.521,23.6,0.707,0.089,7.63,12.25
2025-06-11T08:00,morning,central_beach_burgas,Централен плаж Бургас,42.4924,27.4848,23.04,0.863,0.11,7.06,12.06
2025-06-11T16:00,afternoon,central_beach_burgas,Централен плаж Бургас,42.4924,27.4848,23.79,0.836,0.109,6.5,10.58
2025-06-11T08:00,morning,kraimorie,Крайморие,42.4428,27.4686,22.25,0.67,0.084,5.6,10.55
2025-06-11T16:00,afternoon,kraimorie,Крайморие,42.4428,27.4686,23.21,0.682,0.092,5.22,9.71
2025-06-12T08:00,morning,sarafovo,Сарафово,42.5695,27.521,21.49,0.785,0.107,7.08,13.54
2025-06-12T16:00,afternoon,sarafovo,Сарафово,42.5695,27.521,24.28,0.795,0.106,7.23,13.53
2025-06-12T08:00,morning,central_beach_burgas,Централен плаж Бургас,42.4924,27.4848,22.49,0.846,0.132,7.99,13.83
2025-06-12T16:00,afternoon,central_beach_burgas,Централен плаж Бургас,42.4924,27.4848,23.49,0.823,0.132,7.27,12.95
2025-06-12T08:00,morning,kraimorie,Крайморие,42.4428,27.4686,22.19,0.837,0.127,7.57,12.04
2025-06-12T16:00,afternoon,kraimorie,Крайморие,42.4428,27.4686,23.59,0.838,0.127,7.22,12.18
2025-06-13T08:00,morning,sarafovo,Сарафово,42.5695,27.521,22.24,0.617,0.088,7.44,16.71
2025-06-13T16:00,afternoon,sarafovo,Сарафово,42.5695,27.521,23.32,0.591,0.082,7.03,16.58
2025-06-13T08:00,morning,central_beach_burgas,Централен плаж Бургас,42.4924,27.4848,21.67,0.577,0.076,6.83,20.58
2025-06-13T16:00,afternoon,central_beach_burgas,Централен плаж Бургас,42.4924,27.4848,24.9,0.608,0.076,7.77,20.29
2025-06-13T08:00,morning,kraimorie,Крайморие,42.4428,27.4686,22.43,0.699,0.095,7.9,16.2
2025-06-13T16:00,afternoon,kraimorie,Крайморие,42.4428,27.4686,23.35,0.663,0.096,7.0,15.44
2025-06-14T08:00,morning,sarafovo,Сарафово,42.5695,27.521,21.21,0.33,0.03,5.89,24.14
2025-06-14T16:00,afternoon,sarafovo,Сарафово,42.5695,27.521,24.03,0.346,0.029,6.06,24.8
2025-06-14T08:00,morning,central_beach_burgas,Централен плаж Бургас,42.4924,27.4848,22.6,0.34,0.023,5.75,27.73
2025-06-14T16:00,afternoon,central_beach_burgas,Централен плаж Бургас,42.4924,27.4848,24.25,0.307,0.031,6.11,27.96
2025-06-14T08:00,morning,kraimorie,Крайморие,42.4428,27.4686,22.61,0.46,0.052,7.45,24.25
2025-06-14T16:00,afternoon,kraimorie,Крайморие,42.4428,27.4686,24.35,0.432,0.053,7.49,24.5
2025-06-15T08:00,morning,sarafovo,Сарафово,42.5695,27.521,22.03,0.21,0.012,6.28,27.94
2025-06-15T16:00,afternoon,sarafovo,Сарафово,42.5695,27.521,23.82,0.182,0.013,5.91,27.13
2025-06-15T08:00,morning,central_beach_burgas,Централен плаж Бургас,42.4924,27.4848,23.21,0.234,0.012,6.69,28.3
2025-06-15T16:00,afternoon,central_beach_burgas,Централен плаж Бургас,42.4924,27.4848,24.71,0.248,0.01,5.86,28.3
2025-06-15T08:00,morning,kraimorie,Крайморие,42.4428,27.4686,22.74,0.205,0.027,6.17,27.54
2025-06-15T16:00,afternoon,kraimorie,Крайморие,42.4428,27.4686,24.39,0.19,0.03,6.54,28.13
2025-06-16T08:00,morning,sarafovo,Сарафово,42.5695,27.521,22.32,0.19,0.015,6.61,26.33
2025-06-16T16:00,afternoon,sarafovo,Сарафово,42.5695,27.521,24.42,0.221,0.014,7.08,26.68
2025-06-16T08:00,morning,central_beach_burgas,Централен плаж Бургас,42.4924,27.4848,22.85,0.19,0.016,5.88,25.1
2025-06-16T16:00,afternoon,central_beach_burgas,Централен плаж Бургас,42.4924,27.4848,24.85,0.231,0.018,5.76,25.76
2025-06-16T08:00,morning,kraimorie,Крайморие,42.4428,27.4686,23.01,0.208,0.009,5.54,27.59
2025-06-16T16:00,afternoon,kraimorie,Крайморие,42.4428,27.4686,24.71,0.205,0.014,5.71,28.02
2025-06-17T08:00,morning,sarafovo,Сарафово,42.5695,27.521,22.48,0.298,0.008,5.59,18.99
2025-06-17T16:00,afternoon,sarafovo,Сарафово,42.5695,27.521,25.31,0.291,0.014,5.89,18.37
2025-06-17T08:00,morning,central_beach_burgas,Централен плаж Бургас,42.4924,27.4848,22.83,0.335,0.025,4.78,17.86
2025-06-17T16:00,afternoon,central_beach_burgas,Централен плаж Бургас,42.4924,27.4848,24.19,0.322,0.019,4.1,16.85
2025-06-17T08:00,morning,kraimorie,Крайморие,42.4428,27.4686,23.38,0.25,0.022,5.96,21.87
2025-06-17T16:00,afternoon,kraimorie,Крайморие,42.4428,27.4686,24.99,0.268,0.029,6.12,21.39
2025-06-18T08:00,morning,sarafovo,Сарафово,42.5695,27.521,22.13,0.311,0.015,3.88,12.31
2025-06-18T16:00,afternoon,sarafovo,Сарафово,42.5695,27.521,24.51,0.329,0.023,4.13,13.78
2025-06-18T08:00,morning,central_beach_burgas,Централен плаж Бургас,42.4924,27.4848,23.1,0.365,0.024,4.62,12.83
2025-06-18T16:00,afternoon,central_beach_burgas,Централен плаж Бургас,42.4924,27.4848,24.99,0.381,0.025,5.43,12.8
2025-06-18T08:00,morning,kraimorie,Крайморие,42.4428,27.4686,22.82,0.309,0.024,4.13,12.5
2025-06-18T16:00,afternoon,kraimorie,Крайморие,42.4428,27.4686,24.98,0.29,0.023,4.2,13.14
2025-06-19T08:00,morning,sarafovo,Сарафово,42.5695,27.521,23.05,0.343,0.019,3.93,12.56
2025-06-19T16:00,afternoon,sarafovo,Сарафово,42.5695,27.521,24.95,0.33,0.021,3.62,12.34
2025-06-19T08:00,morning,central_beach_burgas,Централен плаж Бургас,42.4924,27.4848,22.8,0.367,0.028,3.09,10.76
2025-06-19T16:00,afternoon,central_beach_burgas,Централен плаж Бургас,42.4924,27.4848,24.85,0.378,0.018,2.8,10.92
2025-06-19T08:00,morning,kraimorie,Крайморие,42.4428,27.4686,22.92,0.302,0.035,4.23,12.97
2025-06-19T16:00,afternoon,kraimorie,Крайморие,42.4428,27.4686,26.17,0.329,0.029,4.11,13.84
2025-06-20T08:00,morning,sarafovo,Сарафово,42.5695,27.521,23.55,0.33,0.029,5.03,11.88
2025-06-20T16:00,afternoon,sarafovo,Сарафово,42.5695,27.521,24.96,0.325,0.022,5.36,11.11
2025-06-20T08:00,morning,central_beach_burgas,Централен плаж Бургас,42.4924,27.4848,23.37,0.394,0.031,3.77,10.11
2025-06-20T16:00,afternoon,central_beach_burgas,Централен плаж Бургас,42.4924,27.4848,25.24,0.372,0.035,4.03,12.48
2025-06-20T08:00,morning,kraimorie,Крайморие,42.4428,27.4686,23.03,0.364,0.039,3.89,11.5
2025-06-20T16:00,afternoon,kraimorie,Крайморие,42.4428,27.4686,25.44,0.36,0.027,4.03,11.6
2025-06-21T08:00,morning,sarafovo,Сарафово,42.5695,27.521,23.06,0.33,0.025,3.91,10.98
2025-06-21T16:00,afternoon,sarafovo,Сарафово,42.5695,27.521,24.71,0.352,0.032,4.59,9.65
2025-06-21T08:00,morning,central_beach_burgas,Централен плаж Бургас,42.4924,27.4848,24.0,0.382,0.037,3.52,9.39
2025-06-21T16:00,afternoon,central_beach_burgas,Централен плаж Бургас,42.4924,27.4848,25.42,0.382,0.039,2.95,9.64
2025-06-21T08:00,morning,kraimorie,Крайморие,42.4428,27.4686,23.43,0.395,0.031,4.44,10.05
2025-06-21T16:00,afternoon,kraimorie,Крайморие,42.4428,27.4686,24.84,0.397,0.035,4.01,9.15
2025-06-22T08:00,morning,sarafovo,Сарафово,42.5695,27.521,23.23,0.36,0.032,3.82,8.15
2025-06-22T16:00,afternoon,sarafovo,Сарафово,42.5695,27.521,25.19,0.351,0.034,3.79,7.82
2025-06-22T08:00,morning,central_beach_burgas,Централен плаж Бургас,42.4924,27.4848,23.47,0.395,0.033,4.85,11.63
2025-06-22T16:00,afternoon,central_beach_burgas,Централен плаж Бургас,42.4924,27.4848,24.53,0.386,0.03,5.29,12.22
2025-06-22T08:00,morning,kraimorie,Крайморие,42.4428,27.4686,23.48,0.364,0.034,3.7,11.1
2025-06-22T16:00,afternoon,kraimorie,Крайморие,42.4428,27.4686,23.84,0.36,0.03,3.0,10.78
2025-06-23T08:00,morning,sarafovo,Сарафово,42.5695,27.521,24.11,0.369,0.031,4.18,11.1
2025-06-23T16:00,afternoon,sarafovo,Сарафово,42.5695,27.521,24.68,0.389,0.03,4.79,11.62
2025-06-23T08:00,morning,central_beach_burgas,Централен плаж Бургас,42.4924,27.4848,23.08,0.372,0.044,3.5,9.39
2025-06-23T16:00,afternoon,central_beach_burgas,Централен плаж Бургас,42.4924,27.4848,24.73,0.38,0.039,3.91,9.89
2025-06-23T08:00,morning,kraimorie,Крайморие,42.4428,27.4686,22.63,0.327,0.031,4.8,9.86
2025-06-23T16:00,afternoon,kraimorie,Крайморие,42.4428,27.4686,24.82,0.321,0.029,4.95,9.74
2025-06-24T08:00,morning,sarafovo,Сарафово,42.5695,27.521,22.76,0.372,0.033,2.61,10.36
2025-06-24T16:00,afternoon,sarafovo,Сарафово,42.5695,27.521,24.95,0.37,0.037,3.48,9.6
2025-06-24T08:00,morning,central_beach_burgas,Централен плаж Бургас,42.4924,27.4848,23.72,0.364,0.024,3.3,9.88
2025-06-24T16:00,afternoon,central_beach_burgas,Централен плаж Бургас,42.4924,27.4848,25.66,0.348,0.03,3.49,9.78
2025-06-24T08:00,morning,kraimorie,Крайморие,42.4428,27.4686,23.74,0.348,0.035,3.87,11.14
2025-06-24T16:00,afternoon,kraimorie,Крайморие,42.4428,27.4686,25.21,0.338,0.032,3.91,11.38
2025-06-25T08:00,morning,sarafovo,Сарафово,42.5695,27.521,23.28,0.34,0.034,4.47,10.3
2025-06-25T16:00,afternoon,sarafovo,Сарафово,42.5695,27.521,24.96,0.334,0.037,4.25,9.82
2025-06-25T08:00,morning,central_beach_burgas,Централен плаж Бургас,42.4924,27.4848,23.12,0.391,0.044,4.34,10.88
2025-06-25T16:00,afternoon,central_beach_burgas,Централен плаж Бургас,42.4924,27.4848,25.06,0.373,0.039,5.0,12.0
2025-06-25T08:00,morning,kraimorie,Крайморие,42.4428,27.4686,24.1,0.398,0.026,3.46,10.22
2025-06-25T16:00,afternoon,kraimorie,Крайморие,42.4428,27.4686,25.49,0.365,0.032,3.5,10.23
2025-06-26T08:00,morning,sarafovo,Сарафово,42.5695,27.521,23.5,0.339,0.037,4.16,9.86
2025-06-26T16:00,afternoon,sarafovo,Сарафово,42.5695,27.521,25.67,0.338,0.036,4.1,9.98
2025-06-26T08:00,morning,central_beach_burgas,Централен плаж Бургас,42.4924,27.4848,24.74,0.417,0.03,4.17,8.26
2025-06-26T16:00,afternoon,central_beach_burgas,Централен плаж Бургас,42.4924,27.4848,25.41,0.375,0.026,3.94,9.12
2025-06-26T08:00,morning,kraimorie,Крайморие,42.4428,27.4686,23.35,0.279,0.036,5.26,10.75
2025-06-26T16:00,afternoon,kraimorie,Крайморие,42.4428,27.4686,24.9,0.321,0.035,4.83,11.2
2025-06-27T08:00,morning,sarafovo,Сарафово,42.5695,27.521,23.89,0.3,0.034,4.03,11.28
2025-06-27T16:00,afternoon,sarafovo,Сарафово,42.5695,27.521,25.28,0.31,0.033,4.54,10.84
2025-06-27T08:00,morning,central_beach_burgas,Централен плаж Бургас,42.4924,27.4848,24.67,0.316,0.053,4.06,9.78
2025-06-27T16:00,afternoon,central_beach_burgas,Централен плаж Бургас,42.4924,27.4848,25.73,0.35,0.044,3.91,10.0
2025-06-27T08:00,morning,kraimorie,Крайморие,42.4428,27.4686,24.12,0.31,0.034,4.62,10.31
2025-06-27T16:00,afternoon,kraimorie,Крайморие,42.4428,27.4686,25.38,0.367,0.035,4.28,10.58
2025-06-28T08:00,morning,sarafovo,Сарафово,42.5695,27.521,24.08,0.324,0.026,4.19,10.18
2025-06-28T16:00,afternoon,sarafovo,Сарафово,42.5695,27.521,25.9,0.325,0.029,4.67,10.13
2025-06-28T08:00,morning,central_beach_burgas,Централен плаж Бургас,42.4924,27.4848,23.84,0.394,0.033,3.52,8.44
2025-06-28T16:00,afternoon,central_beach_burgas,Централен плаж Бургас,42.4924,27.4848,25.94,0.396,0.033,3.86,10.28
2025-06-28T08:00,morning,kraimorie,Крайморие,42.4428,27.4686,23.86,0.316,0.022,4.57,8.97
2025-06-28T16:00,afternoon,kraimorie,Крайморие,42.4428,27.4686,25.67,0.324,0.034,3.89,7.81
2025-06-29T08:00,morning,sarafovo,Сарафово,42.5695,27.521,24.29,0.321,0.042,4.15,12.28
2025-06-29T16:00,afternoon,sarafovo,Сарафово,42.5695,27.521,26.87,0.34,0.039,3.96,10.44
2025-06-29T08:00,morning,central_beach_burgas,Централен плаж Бургас,42.4924,27.4848,24.73,0.366,0.034,3.53,10.1
2025-06-29T16:00,afternoon,central_beach_burgas,Централен плаж Бургас,42.4924,27.4848,26.3,0.354,0.032,3.53,9.13
2025-06-29T08:00,morning,kraimorie,Крайморие,42.4428,27.4686,24.41,0.332,0.032,4.2,11.43
2025-06-29T16:00,afternoon,kraimorie,Крайморие,42.4428,27.4686,25.47,0.3,0.03,4.74,11.86
2025-06-30T08:00,morning,sarafovo,Сарафово,42.5695,27.521,23.87,0.363,0.043,3.78,10.27
2025-06-30T16:00,afternoon,sarafovo,Сарафово,42.5695,27.521,25.71,0.363,0.034,3.02,10.2
2025-06-30T08:00,morning,central_beach_burgas,Централен плаж Бургас,42.4924,27.4848,24.46,0.375,0.038,4.4,11.03
2025-06-30T16:00,afternoon,central_beach_burgas,Централен плаж Бургас,42.4924,27.4848,25.98,0.38,0.032,4.25,10.88
2025-06-30T08:00,morning,kraimorie,Крайморие,42.4428,27.4686,24.85,0.346,0.032,3.34,10.09
2025-06-30T16:00,afternoon,kraimorie,Крайморие,42.4428,27.4686,25.57,0.357,0.029,3.1,10.18
2025-07-01T08:00,morning,sarafovo,Сарафово,42.5695,27.521,25.18,0.376,0.038,4.03,9.61
2025-07-01T16:00,afternoon,sarafovo,Сарафово,42.5695,27.521,26.04,0.348,0.042,4.38,10.07
2025-07-01T08:00,morning,central_beach_burgas,Централен плаж Бургас,42.4924,27.4848,24.14,0.477,0.057,4.1,10.16
2025-07-01T16:00,afternoon,central_beach_burgas,Централен плаж Бургас,42.4924,27.4848,26.17,0.477,0.052,4.62,10.97
2025-07-01T08:00,morning,kraimorie,Крайморие,42.4428,27.4686,24.12,0.431,0.031,3.52,8.93
2025-07-01T16:00,afternoon,kraimorie,Крайморие,42.4428,27.4686,25.62,0.402,0.03,3.88,10.11
2025-07-02T08:00,morning,sarafovo,Сарафово,42.5695,27.521,23.72,0.472,0.058,5.77,11.31
2025-07-02T16:00,afternoon,sarafovo,Сарафово,42.5695,27.521,26.32,0.482,0.061,5.91,10.47
2025-07-02T08:00,morning,central_beach_burgas,Централен плаж Бургас,42.4924,27.4848,24.39,0.7,0.078,6.35,9.4
2025-07-02T16:00,afternoon,central_beach_burgas,Централен плаж Бургас,42.4924,27.4848,26.86,0.685,0.077,5.72,11.22
2025-07-02T08:00,morning,kraimorie,Крайморие,42.4428,27.4686,23.97,0.469,0.061,5.05,12.68
2025-07-02T16:00,afternoon,kraimorie,Крайморие,42.4428,27.4686,26.78,0.461,0.063,4.82,11.74
2025-07-03T08:00,morning,sarafovo,Сарафово,42.5695,27.521,23.69,0.738,0.11,6.32,11.01
2025-07-03T16:00,afternoon,sarafovo,Сарафово,42.5695,27.521,26.07,0.724,0.106,7.22,11.15
2025-07-03T08:00,morning,central_beach_burgas,Централен плаж Бургас,42.4924,27.4848,25.14,0.915,0.122,6.56,12.89
2025-07-03T16:00,afternoon,central_beach_burgas,Централен плаж Бургас,42.4924,27.4848,25.94,0.906,0.117,7.52,11.45
2025-07-03T08:00,morning,kraimorie,Крайморие,42.4428,27.4686,24.4,0.735,0.103,6.05,11.05
2025-07-03T16:00,afternoon,kraimorie,Крайморие,42.4428,27.4686,26.09,0.714,0.092,6.53,10.6
2025-07-04T08:00,morning,sarafovo,Сарафово,42.5695,27.521,24.48,0.838,0.124,5.77,11.64
2025-07-04T16:00,afternoon,sarafovo,Сарафово,42.5695,27.521,26.22,0.831,0.13,6.3,11.95
2025-07-04T08:00,morning,central_beach_burgas,Централен плаж Бургас,42.4924,27.4848,24.78,0.915,0.116,7.99,14.3
2025-07-04T16:00,afternoon,central_beach_burgas,Централен плаж Бургас,42.4924,27.4848,25.83,0.931,0.114,8.21,15.31
2025-07-04T08:00,morning,kraimorie,Крайморие,42.4428,27.4686,24.63,0.851,0.12,7.36,14.35
2025-07-04T16:00,afternoon,kraimorie,Крайморие,42.4428,27.4686,26.9,0.854,0.121,7.28,12.89
2025-07-05T08:00,morning,sarafovo,Сарафово,42.5695,27.521,24.86,0.65,0.089,6.8,20.2
2025-07-05T16:00,afternoon,sarafovo,Сарафово,42.5695,27.521,27.49,0.672,0.09,6.9,19.48
2025-07-05T08:00,morning,central_beach_burgas,Централен плаж Бургас,42.4924,27.4848,24.88,0.616,0.085,7.6,21.0
2025-07-05T16:00,afternoon,central_beach_burgas,Централен плаж Бургас,42.4924,27.4848,26.59,0.615,0.089,8.38,21.71
2025-07-05T08:00,morning,kraimorie,Крайморие,42.4428,27.4686,24.36,0.756,0.092,7.87,16.94
2025-07-05T16:00,afternoon,kraimorie,Крайморие,42.4428,27.4686,26.45,0.764,0.097,8.0,15.93
2025-07-06T08:00,morning,sarafovo,Сарафово,42.5695,27.521,24.95,0.363,0.037,6.15,25.18
2025-07-06T16:00,afternoon,sarafovo,Сарафово,42.5695,27.521,26.63,0.379,0.043,5.43,26.23
2025-07-06T08:00,morning,central_beach_burgas,Централен плаж Бургас,42.4924,27.4848,24.29,0.292,0.019,7.44,27.37
2025-07-06T16:00,afternoon,central_beach_burgas,Централен плаж Бургас,42.4924,27.4848,27.15,0.303,0.019,6.66,28.3
2025-07-06T08:00,morning,kraimorie,Крайморие,42.4428,27.4686,25.21,0.427,0.043,7.48,24.51
2025-07-06T16:00,afternoon,kraimorie,Крайморие,42.4428,27.4686,25.82,0.418,0.049,7.6,24.36
2025-07-07T08:00,morning,sarafovo,Сарафово,42.5695,27.521,23.69,0.151,0.006,6.74,28.3
2025-07-07T16:00,afternoon,sarafovo,Сарафово,42.5695,27.521,25.57,0.151,0.006,7.04,28.3
2025-07-07T08:00,morning,central_beach_burgas,Централен плаж Бургас,42.4924,27.4848,25.43,0.152,0.011,7.38,27.56
2025-07-07T16:00,afternoon,central_beach_burgas,Централен плаж Бургас,42.4924,27.4848,26.89,0.191,0.006,6.78,28.3
2025-07-07T08:00,morning,kraimorie,Крайморие,42.4428,27.4686,25.09,0.231,0.014,6.01,27.54
2025-07-07T16:00,afternoon,kraimorie,Крайморие,42.4428,27.4686,26.55,0.222,0.015,6.42,28.3
2025-07-08T08:00,morning,sarafovo,Сарафово,42.5695,27.521,24.42,0.17,0.011,6.1,26.58
2025-07-08T16:00,afternoon,sarafovo,Сарафово,42.5695,27.521,27.07,0.192,0.006,6.5,27.29
2025-07-08T08:00,morning,central_beach_burgas,Централен плаж Бургас,42.4924,27.4848,24.47,0.208,0.012,5.42,26.77
2025-07-08T16:00,afternoon,central_beach_burgas,Централен плаж Бургас,42.4924,27.4848,27.25,0.211,0.013,5.84,26.64
2025-07-08T08:00,morning,kraimorie,Крайморие,42.4428,27.4686,25.08,0.154,0.008,6.85,27.83
2025-07-08T16:00,afternoon,kraimorie,Крайморие,42.4428,27.4686,26.87,0.198,0.006,6.13,28.16
2025-07-09T08:00,morning,sarafovo,Сарафово,42.5695,27.521,24.37,0.265,0.021,5.46,21.43
2025-07-09T16:00,afternoon,sarafovo,Сарафово,42.5695,27.521,26.73,0.235,0.014,5.74,20.54
2025-07-09T08:00,morning,central_beach_burgas,Централен плаж Бургас,42.4924,27.4848,25.31,0.288,0.019,4.67,18.18
2025-07-09T16:00,afternoon,central_beach_burgas,Централен плаж Бургас,42.4924,27.4848,26.9,0.306,0.018,4.18,17.25
2025-07-09T08:00,morning,kraimorie,Крайморие,42.4428,27.4686,24.96,0.217,0.03,4.97,23.64
2025-07-09T16:00,afternoon,kraimorie,Крайморие,42.4428,27.4686,26.59,0.21,0.021,4.98,23.17
2025-07-10T08:00,morning,sarafovo,Сарафово,42.5695,27.521,24.92,0.297,0.042,5.69,13.92
2025-07-10T16:00,afternoon,sarafovo,Сарафово,42.5695,27.521,26.61,0.278,0.042,4.65,14.38
2025-07-10T08:00,morning,central_beach_burgas,Централен плаж Бургас,42.4924,27.4848,24.68,0.322,0.036,4.38,15.46
2025-07-10T16:00,afternoon,central_beach_burgas,Централен плаж Бургас,42.4924,27.4848,26.89,0.321,0.034,4.85,15.24
2025-07-10T08:00,morning,kraimorie,Крайморие,42.4428,27.4686,25.04,0.228,0.016,4.59,17.83
2025-07-10T16:00,afternoon,kraimorie,Крайморие,42.4428,27.4686,26.04,0.266,0.012,4.57,16.64
2025-07-11T08:00,morning,sarafovo,Сарафово,42.5695,27.521,24.77,0.289,0.024,4.12,13.74
2025-07-11T16:00,afternoon,sarafovo,Сарафово,42.5695,27.521,25.95,0.33,0.028,4.24,13.18
2025-07-11T08:00,morning,central_beach_burgas,Централен плаж Бургас,42.4924,27.4848,24.77,0.353,0.036,4.33,10.94
2025-07-11T16:00,afternoon,central_beach_burgas,Централен плаж Бургас,42.4924,27.4848,27.31,0.366,0.037,4.63,11.53
2025-07-11T08:00,morning,kraimorie,Крайморие,42.4428,27.4686,24.01,0.298,0.026,3.61,11.65
2025-07-11T16:00,afternoon,kraimorie,Крайморие,42.4428,27.4686,26.47,0.28,0.02,4.34,12.89
2025-07-12T08:00,morning,sarafovo,Сарафово,42.5695,27.521,25.1,0.326,0.026,4.48,11.4
2025-07-12T16:00,afternoon,sarafovo,Сарафово,42.5695,27.521,26.81,0.347,0.026,4.82,10.72
2025-07-12T08:00,morning,central_beach_burgas,Централен плаж Бургас,42.4924,27.4848,25.23,0.361,0.043,4.03,12.28
2025-07-12T16:00,afternoon,central_beach_burgas,Централен плаж Бургас,42.4924,27.4848,27.28,0.357,0.046,3.56,11.44
2025-07-12T08:00,morning,kraimorie,Крайморие,42.4428,27.4686,24.55,0.368,0.027,3.51,10.55
2025-07-12T16:00,afternoon,kraimorie,Крайморие,42.4428,27.4686,26.19,0.394,0.033,3.87,9.53
2025-07-13T08:00,morning,sarafovo,Сарафово,42.5695,27.521,24.32,0.328,0.028,4.07,11.58
2025-07-13T16:00,afternoon,sarafovo,Сарафово,42.5695,27.521,25.93,0.353,0.022,4.6,11.69
2025-07-13T08:00,morning,central_beach_burgas,Централен плаж Бургас,42.4924,27.4848,24.26,0.362,0.033,3.66,10.53
2025-07-13T16:00,afternoon,central_beach_burgas,Централен плаж Бургас,42.4924,27.4848,27.15,0.353,0.037,3.89,10.92
2025-07-13T08:00,morning,kraimorie,Крайморие,42.4428,27.4686,24.49,0.345,0.035,4.12,9.33
2025-07-13T16:00,afternoon,kraimorie,Крайморие,42.4428,27.4686,27.29,0.363,0.031,4.39,9.97
2025-07-14T08:00,morning,sarafovo,Сарафово,42.5695,27.521,25.36,0.334,0.037,4.26,13.28
2025-07-14T16:00,afternoon,sarafovo,Сарафово,42.5695,27.521,26.22,0.354,0.039,3.89,12.5
2025-07-14T08:00,morning,central_beach_burgas,Централен плаж Бургас,42.4924,27.4848,26.07,0.325,0.035,4.72,12.52
2025-07-14T16:00,afternoon,central_beach_burgas,Централен плаж Бургас,42.4924,27.4848,26.89,0.346,0.044,3.95,10.93
2025-07-14T08:00,morning,kraimorie,Крайморие,42.4428,27.4686,24.75,0.36,0.043,5.55,11.51
2025-07-14T16:00,afternoon,kraimorie,Крайморие,42.4428,27.4686,26.87,0.371,0.042,5.2,9.31
2025-07-15T08:00,morning,sarafovo,Сарафово,42.5695,27.521,25.72,0.342,0.031,3.78,9.35
2025-07-15T16:00,afternoon,sarafovo,Сарафово,42.5695,27.521,26.42,0.322,0.03,3.44,9.81
2025-07-15T08:00,morning,central_beach_burgas,Централен плаж Бургас,42.4924,27.4848,25.6,0.38,0.033,4.08,11.12
2025-07-15T16:00,afternoon,central_beach_burgas,Централен плаж Бургас,42.4924,27.4848,26.83,0.37,0.031,3.72,10.92
2025-07-15T08:00,morning,kraimorie,Крайморие,42.4428,27.4686,25.43,0.328,0.028,3.88,9.9
2025-07-15T16:00,afternoon,kraimorie,Крайморие,42.4428,27.4686,26.57,0.326,0.027,4.08,10.34
2025-07-16T08:00,morning,sarafovo,Сарафово,42.5695,27.521,24.59,0.343,0.023,3.87,10.25
2025-07-16T16:00,afternoon,sarafovo,Сарафово,42.5695,27.521,26.75,0.373,0.03,3.64,9.99
2025-07-16T08:00,morning,central_beach_burgas,Централен плаж Бургас,42.4924,27.4848,25.22,0.328,0.042,3.6,10.87
2025-07-16T16:00,afternoon,central_beach_burgas,Централен плаж Бургас,42.4924,27.4848,27.33,0.344,0.037,3.85,8.42
2025-07-16T08:00,morning,kraimorie,Крайморие,42.4428,27.4686,25.84,0.354,0.037,4.36,10.14
2025-07-16T16:00,afternoon,kraimorie,Крайморие,42.4428,27.4686,26.0,0.324,0.043,3.93,10.22
2025-07-17T08:00,morning,sarafovo,Сарафово,42.5695,27.521,25.14,0.298,0.046,3.74,12.01
2025-07-17T16:00,afternoon,sarafovo,Сарафово,42.5695,27.521,26.2,0.311,0.038,3.94,11.52
2025-07-17T08:00,morning,central_beach_burgas,Централен плаж Бургас,42.4924,27.4848,25.08,0.349,0.039,4.89,9.54
2025-07-17T16:00,afternoon,central_beach_burgas,Централен плаж Бургас,42.4924,27.4848,26.76,0.366,0.036,4.72,9.68
2025-07-17T08:00,morning,kraimorie,Крайморие,42.4428,27.4686,24.82,0.342,0.022,4.3,9.59
2025-07-17T16:00,afternoon,kraimorie,Крайморие,42.4428,27.4686,26.39,0.323,0.027,4.61,9.49
2025-07-18T08:00,morning,sarafovo,Сарафово,42.5695,27.521,24.82,0.277,0.026,2.61,10.1
2025-07-18T16:00,afternoon,sarafovo,Сарафово,42.5695,27.521,26.79,0.254,0.024,2.82,10.18
2025-07-18T08:00,morning,central_beach_burgas,Централен плаж Бургас,42.4924,27.4848,25.32,0.433,0.024,4.48,10.96
2025-07-18T16:00,afternoon,central_beach_burgas,Централен плаж Бургас,42.4924,27.4848,27.36,0.433,0.022,4.21,12.76
2025-07-18T08:00,morning,kraimorie,Крайморие,42.4428,27.4686,25.97,0.329,0.037,4.31,10.58
2025-07-18T16:00,afternoon,kraimorie,Крайморие,42.4428,27.4686,26.5,0.342,0.034,4.25,9.8
2025-07-19T08:00,morning,sarafovo,Сарафово,42.5695,27.521,25.46,0.322,0.028,4.85,11.14
2025-07-19T16:00,afternoon,sarafovo,Сарафово,42.5695,27.521,27.42,0.32,0.03,3.94,10.31
2025-07-19T08:00,morning,central_beach_burgas,Централен плаж Бургас,42.4924,27.4848,24.85,0.388,0.023,4.19,9.89
2025-07-19T16:00,afternoon,central_beach_burgas,Централен плаж Бургас,42.4924,27.4848,27.6,0.397,0.035,4.79,10.34
2025-07-19T08:00,morning,kraimorie,Крайморие,42.4428,27.4686,24.8,0.364,0.036,3.15,10.96
2025-07-19T16:00,afternoon,kraimorie,Крайморие,42.4428,27.4686,26.74,0.378,0.036,2.88,10.34
2025-07-20T08:00,morning,sarafovo,Сарафово,42.5695,27.521,25.14,0.307,0.028,4.5,9.26
2025-07-20T16:00,afternoon,sarafovo,Сарафово,42.5695,27.521,26.9,0.307,0.034,4.41,8.05
2025-07-20T08:00,morning,central_beach_burgas,Централен плаж Бургас,42.4924,27.4848,26.08,0.359,0.036,5.06,9.82
2025-07-20T16:00,afternoon,central_beach_burgas,Централен плаж Бургас,42.4924,27.4848,27.11,0.355,0.031,5.26,10.34
2025-07-20T08:00,morning,kraimorie,Крайморие,42.4428,27.4686,24.59,0.313,0.024,4.63,9.68
2025-07-20T16:00,afternoon,kraimorie,Крайморие,42.4428,27.4686,26.84,0.325,0.025,3.76,9.61
2025-07-21T08:00,morning,sarafovo,Сарафово,42.5695,27.521,25.66,0.336,0.023,4.39,6.57
2025-07-21T16:00,afternoon,sarafovo,Сарафово,42.5695,27.521,26.62,0.345,0.026,3.8,7.81
2025-07-21T08:00,morning,central_beach_burgas,Централен плаж Бургас,42.4924,27.4848,25.62,0.318,0.033,3.78,10.61
2025-07-21T16:00,afternoon,central_beach_burgas,Централен плаж Бургас,42.4924,27.4848,27.37,0.325,0.031,4.19,11.21
2025-07-21T08:00,morning,kraimorie,Крайморие,42.4428,27.4686,24.6,0.294,0.038,4.27,11.16
2025-07-21T16:00,afternoon,kraimorie,Крайморие,42.4428,27.4686,26.51,0.296,0.04,4.12,9.78
2025-07-22T08:00,morning,sarafovo,Сарафово,42.5695,27.521,25.28,0.354,0.03,3.43,10.68
2025-07-22T16:00,afternoon,sarafovo,Сарафово,42.5695,27.521,26.25,0.353,0.031,3.92,9.76
2025-07-22T08:00,morning,central_beach_burgas,Централен плаж Бургас,42.4924,27.4848,25.98,0.403,0.033,3.6,10.69
2025-07-22T16:00,afternoon,central_beach_burgas,Централен плаж Бургас,42.4924,27.4848,27.26,0.4,0.044,3.3,10.91
2025-07-22T08:00,morning,kraimorie,Крайморие,42.4428,27.4686,25.82,0.322,0.039,3.59,10.61
2025-07-22T16:00,afternoon,kraimorie,Крайморие,42.4428,27.4686,26.6,0.32,0.043,4.01,9.76
2025-07-23T08:00,morning,sarafovo,Сарафово,42.5695,27.521,24.63,0.326,0.024,2.84,11.06
2025-07-23T16:00,afternoon,sarafovo,Сарафово,42.5695,27.521,26.95,0.328,0.023,3.63,11.88
2025-07-23T08:00,morning,central_beach_burgas,Централен плаж Бургас,42.4924,27.4848,25.79,0.334,0.038,4.06,10.47
2025-07-23T16:00,afternoon,central_beach_burgas,Централен плаж Бургас,42.4924,27.4848,27.09,0.36,0.027,4.56,10.76
2025-07-23T08:00,morning,kraimorie,Крайморие,42.4428,27.4686,25.64,0.319,0.038,3.6,9.66
2025-07-23T16:00,afternoon,kraimorie,Крайморие,42.4428,27.4686,27.14,0.339,0.036,3.77,8.79
2025-07-24T08:00,morning,sarafovo,Сарафово,42.5695,27.521,24.44,0.327,0.031,3.75,7.86
2025-07-24T16:00,afternoon,sarafovo,Сарафово,42.5695,27.521,26.57,0.35,0.029,3.04,6.9
2025-07-24T08:00,morning,central_beach_burgas,Централен плаж Бургас,42.4924,27.4848,25.05,0.359,0.032,4.23,9.76
2025-07-24T16:00,afternoon,central_beach_burgas,Централен плаж Бургас,42.4924,27.4848,26.81,0.33,0.035,4.3,10.75
2025-07-24T08:00,morning,kraimorie,Крайморие,42.4428,27.4686,25.87,0.345,0.04,3.9,10.47
2025-07-24T16:00,afternoon,kraimorie,Крайморие,42.4428,27.4686,26.76,0.372,0.045,3.37,8.28
2025-07-25T08:00,morning,sarafovo,Сарафово,42.5695,27.521,25.27,0.332,0.043,4.72,7.94
2025-07-25T16:00,afternoon,sarafovo,Сарафово,42.5695,27.521,26.55,0.316,0.045,4.58,8.85
2025-07-25T08:00,morning,central_beach_burgas,Централен плаж Бургас,42.4924,27.4848,26.29,0.443,0.042,4.81,12.23
2025-07-25T16:00,afternoon,central_beach_burgas,Централен плаж Бургас,42.4924,27.4848,26.68,0.477,0.049,5.32,11.95
2025-07-25T08:00,morning,kraimorie,Крайморие,42.4428,27.4686,25.1,0.322,0.031,5.01,10.54
2025-07-25T16:00,afternoon,kraimorie,Крайморие,42.4428,27.4686,27.04,0.364,0.03,4.41,11.98
2025-07-26T08:00,morning,sarafovo,Сарафово,42.5695,27.521,25.54,0.475,0.069,4.82,7.58
2025-07-26T16:00,afternoon,sarafovo,Сарафово,42.5695,27.521,27.13,0.473,0.074,5.11,9.02
2025-07-26T08:00,morning,central_beach_burgas,Централен плаж Бургас,42.4924,27.4848,25.38,0.615,0.071,6.7,10.18
2025-07-26T16:00,afternoon,central_beach_burgas,Централен плаж Бургас,42.4924,27.4848,28.03,0.602,0.073,6.37,10.17
2025-07-26T08:00,morning,kraimorie,Крайморие,42.4428,27.4686,25.9,0.474,0.051,4.6,11.42
2025-07-26T16:00,afternoon,kraimorie,Крайморие,42.4428,27.4686,26.57,0.458,0.043,4.87,10.04
2025-07-27T08:00,morning,sarafovo,Сарафово,42.5695,27.521,25.84,0.643,0.092,6.25,9.69
2025-07-27T16:00,afternoon,sarafovo,Сарафово,42.5695,27.521,26.38,0.701,0.084,5.73,11.22
2025-07-27T08:00,morning,central_beach_burgas,Централен плаж Бургас,42.4924,27.4848,25.98,0.821,0.11,8.34,11.42
2025-07-27T16:00,afternoon,central_beach_burgas,Централен плаж Бургас,42.4924,27.4848,26.63,0.819,0.116,7.37,11.18
2025-07-27T08:00,morning,kraimorie,Крайморие,42.4428,27.4686,25.39,0.641,0.081,7.26,10.38
2025-07-27T16:00,afternoon,kraimorie,Крайморие,42.4428,27.4686,27.17,0.654,0.085,6.79,10.2
2025-07-28T08:00,morning,sarafovo,Сарафово,42.5695,27.521,24.6,0.735,0.096,8.16,14.99
2025-07-28T16:00,afternoon,sarafovo,Сарафово,42.5695,27.521,27.18,0.751,0.093,8.42,13.2
2025-07-28T08:00,morning,central_beach_burgas,Централен плаж Бургас,42.4924,27.4848,25.27,0.827,0.113,7.88,15.28
2025-07-28T16:00,afternoon,central_beach_burgas,Централен плаж Бургас,42.4924,27.4848,27.08,0.832,0.104,8.01,15.03
2025-07-28T08:00,morning,kraimorie,Крайморие,42.4428,27.4686,26.18,0.749,0.102,7.05,10.42
2025-07-28T16:00,afternoon,kraimorie,Крайморие,42.4428,27.4686,26.92,0.74,0.107,7.54,9.24
2025-07-29T08:00,morning,sarafovo,Сарафово,42.5695,27.521,26.17,0.585,0.078,6.97,16.85
2025-07-29T16:00,afternoon,sarafovo,Сарафово,42.5695,27.521,26.6,0.557,0.078,6.91,16.23
2025-07-29T08:00,morning,central_beach_burgas,Централен плаж Бургас,42.4924,27.4848,24.88,0.53,0.071,8.94,20.4
2025-07-29T16:00,afternoon,central_beach_burgas,Централен плаж Бургас,42.4924,27.4848,27.38,0.531,0.067,8.11,20.95
2025-07-29T08:00,morning,kraimorie,Крайморие,42.4428,27.4686,25.0,0.615,0.102,8.08,15.86
2025-07-29T16:00,afternoon,kraimorie,Крайморие,42.4428,27.4686,26.89,0.632,0.096,7.92,15.87
2025-07-30T08:00,morning,sarafovo,Сарафово,42.5695,27.521,25.67,0.322,0.04,6.05,25.14
2025-07-30T16:00,afternoon,sarafovo,Сарафово,42.5695,27.521,27.06,0.337,0.037,5.86,25.9
2025-07-30T08:00,morning,central_beach_burgas,Централен плаж Бургас,42.4924,27.4848,25.56,0.295,0.029,7.44,27.6
2025-07-30T16:00,afternoon,central_beach_burgas,Централен плаж Бургас,42.4924,27.4848,26.63,0.302,0.026,6.75,26.88
2025-07-30T08:00,morning,kraimorie,Крайморие,42.4428,27.4686,26.22,0.404,0.038,5.59,22.39
2025-07-30T16:00,afternoon,kraimorie,Крайморие,42.4428,27.4686,27.71,0.415,0.04,5.94,23.27
2025-07-31T08:00,morning,sarafovo,Сарафово,42.5695,27.521,25.15,0.148,0.008,5.96,27.77
2025-07-31T16:00,afternoon,sarafovo,Сарафово,42.5695,27.521,26.26,0.163,0.006,6.74,28.3
2025-07-31T08:00,morning,central_beach_burgas,Централен плаж Бургас,42.4924,27.4848,25.26,0.198,0.01,5.57,27.34
2025-07-31T16:00,afternoon,central_beach_burgas,Централен плаж Бургас,42.4924,27.4848,26.99,0.173,0.01,5.7,28.3
2025-07-31T08:00,morning,kraimorie,Крайморие,42.4428,27.4686,25.82,0.228,0.017,6.43,28.01
2025-07-31T16:00,afternoon,kraimorie,Крайморие,42.4428,27.4686,26.32,0.241,0.017,6.59,27.99
2025-08-01T08:00,morning,sarafovo,Сарафово,42.5695,27.521,25.39,0.175,0.009,6.81,26.35
2025-08-01T16:00,afternoon,sarafovo,Сарафово,42.5695,27.521,27.05,0.151,0.006,6.94,27.41
2025-08-01T08:00,morning,central_beach_burgas,Централен плаж Бургас,42.4924,27.4848,26.15,0.221,0.011,5.18,28.3
2025-08-01T16:00,afternoon,central_beach_burgas,Централен плаж Бургас,42.4924,27.4848,27.84,0.204,0.009,5.6,27.19
2025-08-01T08:00,morning,kraimorie,Крайморие,42.4428,27.4686,25.42,0.181,0.019,6.45,28.0
2025-08-01T16:00,afternoon,kraimorie,Крайморие,42.4428,27.4686,26.68,0.149,0.015,7.72,26.83
2025-08-02T08:00,morning,sarafovo,Сарафово,42.5695,27.521,25.27,0.217,0.013,5.0,20.31
2025-08-02T16:00,afternoon,sarafovo,Сарафово,42.5695,27.521,26.83,0.23,0.024,4.66,20.27
2025-08-02T08:00,morning,central_beach_burgas,Централен плаж Бургас,42.4924,27.4848,25.6,0.275,0.029,4.09,17.18
2025-08-02T16:00,afternoon,central_beach_burgas,Централен плаж Бургас,42.4924,27.4848,28.06,0.305,0.038,3.95,17.92
2025-08-02T08:00,morning,kraimorie,Крайморие,42.4428,27.4686,25.75,0.21,0.02,4.6,21.6
2025-08-02T16:00,afternoon,kraimorie,Крайморие,42.4428,27.4686,27.42,0.188,0.016,5.24,20.63
2025-08-03T08:00,morning,sarafovo,Сарафово,42.5695,27.521,24.8,0.261,0.027,4.54,15.21
2025-08-03T16:00,afternoon,sarafovo,Сарафово,42.5695,27.521,26.8,0.273,0.023,5.15,15.93
2025-08-03T08:00,morning,central_beach_burgas,Централен плаж Бургас,42.4924,27.4848,24.83,0.361,0.021,4.68,13.4
2025-08-03T16:00,afternoon,central_beach_burgas,Централен плаж Бургас,42.4924,27.4848,26.66,0.344,0.031,4.12,11.76
2025-08-03T08:00,morning,kraimorie,Крайморие,42.4428,27.4686,25.37,0.298,0.025,4.7,14.89
2025-08-03T16:00,afternoon,kraimorie,Крайморие,42.4428,27.4686,26.66,0.3,0.02,4.73,14.06
2025-08-04T08:00,morning,sarafovo,Сарафово,42.5695,27.521,25.32,0.302,0.034,3.64,11.14
2025-08-04T16:00,afternoon,sarafovo,Сарафово,42.5695,27.521,26.93,0.294,0.025,3.99,12.48
2025-08-04T08:00,morning,central_beach_burgas,Централен плаж Бургас,42.4924,27.4848,24.87,0.366,0.035,4.58,11.01
2025-08-04T16:00,afternoon,central_beach_burgas,Централен плаж Бургас,42.4924,27.4848,27.53,0.368,0.029,4.92,10.75
2025-08-04T08:00,morning,kraimorie,Крайморие,42.4428,27.4686,24.73,0.323,0.033,4.53,11.51
2025-08-04T16:00,afternoon,kraimorie,Крайморие,42.4428,27.4686,26.48,0.363,0.034,4.54,11.02
2025-08-05T08:00,morning,sarafovo,Сарафово,42.5695,27.521,24.97,0.323,0.038,4.86,10.99
2025-08-05T16:00,afternoon,sarafovo,Сарафово,42.5695,27.521,27.22,0.352,0.034,4.24,11.05
2025-08-05T08:00,morning,central_beach_burgas,Централен плаж Бургас,42.4924,27.4848,24.76,0.354,0.036,3.41,11.84
2025-08-05T16:00,afternoon,central_beach_burgas,Централен плаж Бургас,42.4924,27.4848,26.96,0.418,0.043,4.1,11.11
2025-08-05T08:00,morning,kraimorie,Крайморие,42.4428,27.4686,25.47,0.363,0.047,3.14,7.15
2025-08-05T16:00,afternoon,kraimorie,Крайморие,42.4428,27.4686,27.22,0.344,0.036,3.61,9.17
2025-08-06T08:00,morning,sarafovo,Сарафово,42.5695,27.521,24.76,0.328,0.032,3.42,9.07
2025-08-06T16:00,afternoon,sarafovo,Сарафово,42.5695,27.521,26.62,0.291,0.031,3.86,8.76
2025-08-06T08:00,morning,central_beach_burgas,Централен плаж Бургас,42.4924,27.4848,24.5,0.358,0.046,3.9,10.97
2025-08-06T16:00,afternoon,central_beach_burgas,Централен плаж Бургас,42.4924,27.4848,27.15,0.357,0.036,4.09,11.13
2025-08-06T08:00,morning,kraimorie,Крайморие,42.4428,27.4686,25.64,0.333,0.027,3.61,9.9
2025-08-06T16:00,afternoon,kraimorie,Крайморие,42.4428,27.4686,27.02,0.315,0.026,3.15,10.99
2025-08-07T08:00,morning,sarafovo,Сарафово,42.5695,27.521,24.81,0.325,0.028,4.14,9.72
2025-08-07T16:00,afternoon,sarafovo,Сарафово,42.5695,27.521,26.94,0.315,0.032,3.99,8.88
2025-08-07T08:00,morning,central_beach_burgas,Централен плаж Бургас,42.4924,27.4848,24.73,0.339,0.033,3.6,9.42
2025-08-07T16:00,afternoon,central_beach_burgas,Централен плаж Бургас,42.4924,27.4848,27.21,0.362,0.03,3.77,10.53
2025-08-07T08:00,morning,kraimorie,Крайморие,42.4428,27.4686,24.35,0.317,0.037,3.18,8.27
2025-08-07T16:00,afternoon,kraimorie,Крайморие,42.4428,27.4686,26.59,0.326,0.037,3.38,8.6
2025-08-08T08:00,morning,sarafovo,Сарафово,42.5695,27.521,24.94,0.337,0.031,3.74,9.57
2025-08-08T16:00,afternoon,sarafovo,Сарафово,42.5695,27.521,26.46,0.362,0.029,3.9,10.0
2025-08-08T08:00,morning,central_beach_burgas,Централен плаж Бургас,42.4924,27.4848,25.7,0.372,0.033,4.75,9.71
2025-08-08T16:00,afternoon,central_beach_burgas,Централен плаж Бургас,42.4924,27.4848,26.7,0.364,0.039,4.41,10.41
2025-08-08T08:00,morning,kraimorie,Крайморие,42.4428,27.4686,24.92,0.327,0.028,3.87,10.06
2025-08-08T16:00,afternoon,kraimorie,Крайморие,42.4428,27.4686,26.41,0.342,0.034,4.0,10.95
2025-08-09T08:00,morning,sarafovo,Сарафово,42.5695,27.521,25.53,0.312,0.035,2.98,8.61
2025-08-09T16:00,afternoon,sarafovo,Сарафово,42.5695,27.521,26.74,0.301,0.028,3.2,8.69
2025-08-09T08:00,morning,central_beach_burgas,Централен плаж Бургас,42.4924,27.4848,25.61,0.386,0.024,3.66,9.32
2025-08-09T16:00,afternoon,central_beach_burgas,Централен плаж Бургас,42.4924,27.4848,27.35,0.397,0.029,4.48,9.82
2025-08-09T08:00,morning,kraimorie,Крайморие,42.4428,27.4686,24.95,0.349,0.029,5.08,10.75
2025-08-09T16:00,afternoon,kraimorie,Крайморие,42.4428,27.4686,26.06,0.334,0.038,4.58,10.25
2025-08-10T08:00,morning,sarafovo,Сарафово,42.5695,27.521,25.79,0.325,0.032,3.43,10.0
2025-08-10T16:00,afternoon,sarafovo,Сарафово,42.5695,27.521,26.41,0.336,0.035,3.58,10.28
2025-08-10T08:00,morning,central_beach_burgas,Централен плаж Бургас,42.4924,27.4848,25.43,0.398,0.041,3.96,9.97
2025-08-10T16:00,afternoon,central_beach_burgas,Централен плаж Бургас,42.4924,27.4848,27.03,0.398,0.044,3.25,10.21
2025-08-10T08:00,morning,kraimorie,Крайморие,42.4428,27.4686,25.29,0.346,0.046,3.63,9.69
2025-08-10T16:00,afternoon,kraimorie,Крайморие,42.4428,27.4686,26.38,0.356,0.037,3.82,10.18
2025-08-11T08:00,morning,sarafovo,Сарафово,42.5695,27.521,25.08,0.315,0.036,4.39,10.52
2025-08-11T16:00,afternoon,sarafovo,Сарафово,42.5695,27.521,26.33,0.296,0.044,3.72,9.91
2025-08-11T08:00,morning,central_beach_burgas,Централен плаж Бургас,42.4924,27.4848,25.83,0.395,0.052,3.25,11.09
2025-08-11T16:00,afternoon,central_beach_burgas,Централен плаж Бургас,42.4924,27.4848,25.88,0.38,0.039,4.31,10.43
2025-08-11T08:00,morning,kraimorie,Крайморие,42.4428,27.4686,25.03,0.282,0.032,3.39,8.09
2025-08-11T16:00,afternoon,kraimorie,Крайморие,42.4428,27.4686,26.22,0.31,0.033,2.98,6.97
2025-08-12T08:00,morning,sarafovo,Сарафово,42.5695,27.521,24.89,0.315,0.017,4.24,8.97
2025-08-12T16:00,afternoon,sarafovo,Сарафово,42.5695,27.521,26.2,0.328,0.023,3.99,8.96
2025-08-12T08:00,morning,central_beach_burgas,Централен плаж Бургас,42.4924,27.4848,25.03,0.397,0.03,4.0,8.44
2025-08-12T16:00,afternoon,central_beach_burgas,Централен плаж Бургас,42.4924,27.4848,27.15,0.388,0.027,2.45,7.39
2025-08-12T08:00,morning,kraimorie,Крайморие,42.4428,27.4686,25.07,0.369,0.032,3.72,9.99
2025-08-12T16:00,afternoon,kraimorie,Крайморие,42.4428,27.4686,26.38,0.368,0.048,3.58,9.64
2025-08-13T08:00,morning,sarafovo,Сарафово,42.5695,27.521,24.92,0.332,0.036,3.87,9.8
2025-08-13T16:00,afternoon,sarafovo,Сарафово,42.5695,27.521,26.75,0.315,0.031,3.65,9.31
2025-08-13T08:00,morning,central_beach_burgas,Централен плаж Бургас,42.4924,27.4848,25.39,0.348,0.034,4.4,9.52
2025-08-13T16:00,afternoon,central_beach_burgas,Централен плаж Бургас,42.4924,27.4848,26.76,0.353,0.032,4.32,9.61
2025-08-13T08:00,morning,kraimorie,Крайморие,42.4428,27.4686,24.83,0.365,0.032,5.12,10.8
2025-08-13T16:00,afternoon,kraimorie,Крайморие,42.4428,27.4686,26.02,0.373,0.032,4.79,11.85
2025-08-14T08:00,morning,sarafovo,Сарафово,42.5695,27.521,24.11,0.296,0.042,4.22,8.92
2025-08-14T16:00,afternoon,sarafovo,Сарафово,42.5695,27.521,26.47,0.303,0.042,3.84,9.11
2025-08-14T08:00,morning,central_beach_burgas,Централен плаж Бургас,42.4924,27.4848,24.91,0.388,0.028,4.69,10.22
2025-08-14T16:00,afternoon,central_beach_burgas,Централен плаж Бургас,42.4924,27.4848,26.39,0.39,0.038,4.92,11.09
2025-08-14T08:00,morning,kraimorie,Крайморие,42.4428,27.4686,24.77,0.323,0.035,5.33,11.04
2025-08-14T16:00,afternoon,kraimorie,Крайморие,42.4428,27.4686,26.28,0.322,0.033,5.19,11.11
2025-08-15T08:00,morning,sarafovo,Сарафово,42.5695,27.521,23.55,0.348,0.043,3.15,9.94
2025-08-15T16:00,afternoon,sarafovo,Сарафово,42.5695,27.521,26.27,0.358,0.044,3.07,10.43
2025-08-15T08:00,morning,central_beach_burgas,Централен плаж Бургас,42.4924,27.4848,25.04,0.388,0.043,3.38,8.73
2025-08-15T16:00,afternoon,central_beach_burgas,Централен плаж Бургас,42.4924,27.4848,26.96,0.377,0.043,4.36,8.55
2025-08-15T08:00,morning,kraimorie,Крайморие,42.4428,27.4686,25.05,0.318,0.037,4.46,8.78
2025-08-15T16:00,afternoon,kraimorie,Крайморие,42.4428,27.4686,26.53,0.311,0.033,3.62,8.7
2025-08-16T08:00,morning,sarafovo,Сарафово,42.5695,27.521,24.86,0.376,0.058,3.22,7.2
2025-08-16T16:00,afternoon,sarafovo,Сарафово,42.5695,27.521,26.02,0.387,0.048,3.02,9.12
2025-08-16T08:00,morning,central_beach_burgas,Централен плаж Бургас,42.4924,27.4848,24.7,0.465,0.039,4.11,7.79
2025-08-16T16:00,afternoon,central_beach_burgas,Централен плаж Бургас,42.4924,27.4848,26.43,0.451,0.051,3.76,8.55
2025-08-16T08:00,morning,kraimorie,Крайморие,42.4428,27.4686,23.7,0.394,0.051,3.67,8.07
2025-08-16T16:00,afternoon,kraimorie,Крайморие,42.4428,27.4686,26.58,0.409,0.052,3.36,8.97
2025-08-17T08:00,morning,sarafovo,Сарафово,42.5695,27.521,24.09,0.475,0.068,4.66,8.81
2025-08-17T16:00,afternoon,sarafovo,Сарафово,42.5695,27.521,25.35,0.468,0.067,4.4,8.87
2025-08-17T08:00,morning,central_beach_burgas,Централен плаж Бургас,42.4924,27.4848,25.4,0.611,0.088,5.49,11.64
2025-08-17T16:00,afternoon,central_beach_burgas,Централен плаж Бургас,42.4924,27.4848,26.94,0.597,0.093,5.84,10.91
2025-08-17T08:00,morning,kraimorie,Крайморие,42.4428,27.4686,24.94,0.497,0.051,4.46,10.67
2025-08-17T16:00,afternoon,kraimorie,Крайморие,42.4428,27.4686,26.22,0.485,0.054,4.48,8.76
2025-08-18T08:00,morning,sarafovo,Сарафово,42.5695,27.521,25.5,0.659,0.1,6.63,8.38
2025-08-18T16:00,afternoon,sarafovo,Сарафово,42.5695,27.521,26.2,0.674,0.096,6.82,9.28
2025-08-18T08:00,morning,central_beach_burgas,Централен плаж Бургас,42.4924,27.4848,24.17,0.844,0.124,7.21,8.45
2025-08-18T16:00,afternoon,central_beach_burgas,Централен плаж Бургас,42.4924,27.4848,26.22,0.84,0.12,7.8,8.12
2025-08-18T08:00,morning,kraimorie,Крайморие,42.4428,27.4686,24.68,0.623,0.095,6.18,10.03
2025-08-18T16:00,afternoon,kraimorie,Крайморие,42.4428,27.4686,26.67,0.632,0.097,6.1,10.08
2025-08-19T08:00,morning,sarafovo,Сарафово,42.5695,27.521,24.96,0.771,0.119,7.52,12.27
2025-08-19T16:00,afternoon,sarafovo,Сарафово,42.5695,27.521,26.35,0.763,0.119,7.0,12.83
2025-08-19T08:00,morning,central_beach_burgas,Централен плаж Бургас,42.4924,27.4848,25.22,0.839,0.124,7.97,13.26
2025-08-19T16:00,afternoon,central_beach_burgas,Централен плаж Бургас,42.4924,27.4848,26.36,0.835,0.112,7.29,13.32
2025-08-19T08:00,morning,kraimorie,Крайморие,42.4428,27.4686,24.92,0.787,0.122,7.74,11.21
2025-08-19T16:00,afternoon,kraimorie,Крайморие,42.4428,27.4686,26.28,0.772,0.124,7.96,10.38
2025-08-20T08:00,morning,sarafovo,Сарафово,42.5695,27.521,23.65,0.651,0.082,7.12,16.56
2025-08-20T16:00,afternoon,sarafovo,Сарафово,42.5695,27.521,26.26,0.625,0.093,7.17,15.41
2025-08-20T08:00,morning,central_beach_burgas,Централен плаж Бургас,42.4924,27.4848,24.55,0.576,0.076,6.87,19.3
2025-08-20T16:00,afternoon,central_beach_burgas,Централен плаж Бургас,42.4924,27.4848,26.5,0.598,0.082,6.63,19.47
2025-08-20T08:00,morning,kraimorie,Крайморие,42.4428,27.4686,24.75,0.696,0.095,7.81,14.06
2025-08-20T16:00,afternoon,kraimorie,Крайморие,42.4428,27.4686,26.45,0.679,0.097,7.88,14.71
2025-08-21T08:00,morning,sarafovo,Сарафово,42.5695,27.521,24.64,0.342,0.035,6.36,20.24
2025-08-21T16:00,afternoon,sarafovo,Сарафово,42.5695,27.521,26.51,0.323,0.046,6.81,21.1
2025-08-21T08:00,morning,central_beach_burgas,Централен плаж Бургас,42.4924,27.4848,23.86,0.255,0.034,6.22,25.65
2025-08-21T16:00,afternoon,central_beach_burgas,Централен плаж Бургас,42.4924,27.4848,26.51,0.302,0.032,6.3,26.33
2025-08-21T08:00,morning,kraimorie,Крайморие,42.4428,27.4686,24.12,0.385,0.055,6.14,23.36
2025-08-21T16:00,afternoon,kraimorie,Крайморие,42.4428,27.4686,25.77,0.391,0.058,6.08,23.21
2025-08-22T08:00,morning,sarafovo,Сарафово,42.5695,27.521,24.83,0.219,0.011,6.85,25.42
2025-08-22T16:00,afternoon,sarafovo,Сарафово,42.5695,27.521,25.3,0.205,0.009,6.48,26.05
2025-08-22T08:00,morning,central_beach_burgas,Централен плаж Бургас,42.4924,27.4848,24.83,0.196,0.021,6.27,28.3
2025-08-22T16:00,afternoon,central_beach_burgas,Централен плаж Бургас,42.4924,27.4848,25.58,0.206,0.016,6.95,28.3
2025-08-22T08:00,morning,kraimorie,Крайморие,42.4428,27.4686,24.57,0.176,0.018,6.26,27.52
2025-08-22T16:00,afternoon,kraimorie,Крайморие,42.4428,27.4686,26.67,0.179,0.024,5.66,26.18
2025-08-23T08:00,morning,sarafovo,Сарафово,42.5695,27.521,24.39,0.169,0.009,5.76,23.21
2025-08-23T16:00,afternoon,sarafovo,Сарафово,42.5695,27.521,25.2,0.174,0.006,5.2,23.14
2025-08-23T08:00,morning,central_beach_burgas,Централен плаж Бургас,42.4924,27.4848,24.3,0.227,0.017,6.02,24.75
2025-08-23T16:00,afternoon,central_beach_burgas,Централен плаж Бургас,42.4924,27.4848,26.55,0.193,0.018,5.27,23.63
2025-08-23T08:00,morning,kraimorie,Крайморие,42.4428,27.4686,24.03,0.186,0.014,6.35,27.45
2025-08-23T16:00,afternoon,kraimorie,Крайморие,42.4428,27.4686,25.37,0.21,0.009,6.22,27.19
2025-08-24T08:00,morning,sarafovo,Сарафово,42.5695,27.521,24.77,0.261,0.023,4.51,17.87
2025-08-24T16:00,afternoon,sarafovo,Сарафово,42.5695,27.521,25.52,0.235,0.022,4.66,18.35
2025-08-24T08:00,morning,central_beach_burgas,Централен плаж Бургас,42.4924,27.4848,24.19,0.294,0.033,5.5,15.3
2025-08-24T16:00,afternoon,central_beach_burgas,Централен плаж Бургас,42.4924,27.4848,25.69,0.278,0.04,4.79,14.8
2025-08-24T08:00,morning,kraimorie,Крайморие,42.4428,27.4686,24.34,0.219,0.014,6.04,21.41
2025-08-24T16:00,afternoon,kraimorie,Крайморие,42.4428,27.4686,26.29,0.247,0.017,5.6,20.83
2025-08-25T08:00,morning,sarafovo,Сарафово,42.5695,27.521,24.14,0.279,0.035,4.48,13.65
2025-08-25T16:00,afternoon,sarafovo,Сарафово,42.5695,27.521,25.47,0.296,0.037,4.79,12.09
2025-08-25T08:00,morning,central_beach_burgas,Централен плаж Бургас,42.4924,27.4848,24.4,0.318,0.04,3.64,11.66
2025-08-25T16:00,afternoon,central_beach_burgas,Централен плаж Бургас,42.4924,27.4848,25.73,0.362,0.025,3.81,11.56
2025-08-25T08:00,morning,kraimorie,Крайморие,42.4428,27.4686,24.73,0.283,0.036,4.86,12.87
2025-08-25T16:00,afternoon,kraimorie,Крайморие,42.4428,27.4686,24.97,0.285,0.04,4.77,12.16
2025-08-26T08:00,morning,sarafovo,Сарафово,42.5695,27.521,24.35,0.27,0.036,3.04,9.0
2025-08-26T16:00,afternoon,sarafovo,Сарафово,42.5695,27.521,26.21,0.248,0.037,1.99,8.44
2025-08-26T08:00,morning,central_beach_burgas,Централен плаж Бургас,42.4924,27.4848,25.25,0.36,0.04,4.33,8.84
2025-08-26T16:00,afternoon,central_beach_burgas,Централен плаж Бургас,42.4924,27.4848,26.45,0.361,0.041,4.07,9.83
2025-08-26T08:00,morning,kraimorie,Крайморие,42.4428,27.4686,24.38,0.308,0.034,3.83,12.09
2025-08-26T16:00,afternoon,kraimorie,Крайморие,42.4428,27.4686,25.15,0.341,0.036,4.5,11.72
2025-08-27T08:00,morning,sarafovo,Сарафово,42.5695,27.521,24.2,0.313,0.029,3.06,9.92
2025-08-27T16:00,afternoon,sarafovo,Сарафово,42.5695,27.521,25.35,0.327,0.036,3.75,10.11
2025-08-27T08:00,morning,central_beach_burgas,Централен плаж Бургас,42.4924,27.4848,23.75,0.35,0.045,3.99,10.36
2025-08-27T16:00,afternoon,central_beach_burgas,Централен плаж Бургас,42.4924,27.4848,25.63,0.39,0.041,4.12,9.96
2025-08-27T08:00,morning,kraimorie,Крайморие,42.4428,27.4686,23.98,0.367,0.044,4.21,9.43
2025-08-27T16:00,afternoon,kraimorie,Крайморие,42.4428,27.4686,25.94,0.341,0.04,3.85,9.31
2025-08-28T08:00,morning,sarafovo,Сарафово,42.5695,27.521,23.28,0.272,0.033,3.97,8.48
2025-08-28T16:00,afternoon,sarafovo,Сарафово,42.5695,27.521,25.72,0.262,0.037,3.33,8.74
2025-08-28T08:00,morning,central_beach_burgas,Централен плаж Бургас,42.4924,27.4848,23.98,0.386,0.039,4.26,8.78
2025-08-28T16:00,afternoon,central_beach_burgas,Централен плаж Бургас,42.4924,27.4848,26.09,0.381,0.042,4.43,8.37
2025-08-28T08:00,morning,kraimorie,Крайморие,42.4428,27.4686,23.34,0.362,0.033,4.45,9.25
2025-08-28T16:00,afternoon,kraimorie,Крайморие,42.4428,27.4686,25.51,0.336,0.029,4.67,10.41
2025-08-29T08:00,morning,sarafovo,Сарафово,42.5695,27.521,24.07,0.33,0.035,2.48,7.17
2025-08-29T16:00,afternoon,sarafovo,Сарафово,42.5695,27.521,25.32,0.335,0.025,2.52,11.02
2025-08-29T08:00,morning,central_beach_burgas,Централен плаж Бургас,42.4924,27.4848,23.9,0.364,0.044,3.78,7.97
2025-08-29T16:00,afternoon,central_beach_burgas,Централен плаж Бургас,42.4924,27.4848,24.93,0.377,0.038,2.97,8.55
2025-08-29T08:00,morning,kraimorie,Крайморие,42.4428,27.4686,23.1,0.346,0.04,4.07,7.12
2025-08-29T16:00,afternoon,kraimorie,Крайморие,42.4428,27.4686,25.64,0.33,0.04,3.29,7.6
2025-08-30T08:00,morning,sarafovo,Сарафово,42.5695,27.521,23.56,0.324,0.04,3.61,7.76
2025-08-30T16:00,afternoon,sarafovo,Сарафово,42.5695,27.521,25.2,0.327,0.046,3.93,7.12
2025-08-30T08:00,morning,central_beach_burgas,Централен плаж Бургас,42.4924,27.4848,23.97,0.385,0.033,3.51,8.69
2025-08-30T16:00,afternoon,central_beach_burgas,Централен плаж Бургас,42.4924,27.4848,25.03,0.393,0.038,2.98,9.88
2025-08-30T08:00,morning,kraimorie,Крайморие,42.4428,27.4686,22.55,0.393,0.029,4.04,8.88
2025-08-30T16:00,afternoon,kraimorie,Крайморие,42.4428,27.4686,26.25,0.37,0.031,4.03,8.02
2025-08-31T08:00,morning,sarafovo,Сарафово,42.5695,27.521,22.78,0.325,0.032,3.77,7.57
2025-08-31T16:00,afternoon,sarafovo,Сарафово,42.5695,27.521,26.38,0.342,0.028,3.8,7.51
2025-08-31T08:00,morning,central_beach_burgas,Централен плаж Бургас,42.4924,27.4848,24.28,0.378,0.032,4.47,9.32
2025-08-31T16:00,afternoon,central_beach_burgas,Централен плаж Бургас,42.4924,27.4848,25.08,0.348,0.04,4.38,9.33
2025-08-31T08:00,morning,kraimorie,Крайморие,42.4428,27.4686,23.63,0.31,0.028,3.52,8.4
2025-08-31T16:00,afternoon,kraimorie,Крайморие,42.4428,27.4686,24.92,0.32,0.029,3.15,8.43
2025-09-01T08:00,morning,sarafovo,Сарафово,42.5695,27.521,23.2,0.367,0.037,3.38,6.6
2025-09-01T16:00,afternoon,sarafovo,Сарафово,42.5695,27.521,24.98,0.363,0.033,3.79,8.26
2025-09-01T08:00,morning,central_beach_burgas,Централен плаж Бургас,42.4924,27.4848,23.51,0.401,0.044,3.63,8.9
2025-09-01T16:00,afternoon,central_beach_burgas,Централен плаж Бургас,42.4924,27.4848,25.68,0.377,0.048,4.47,8.69
2025-09-01T08:00,morning,kraimorie,Крайморие,42.4428,27.4686,23.8,0.356,0.039,3.06,10.7
2025-09-01T16:00,afternoon,kraimorie,Крайморие,42.4428,27.4686,25.46,0.349,0.034,3.18,9.85
2025-09-02T08:00,morning,sarafovo,Сарафово,42.5695,27.521,22.71,0.334,0.047,4.02,9.43
2025-09-02T16:00,afternoon,sarafovo,Сарафово,42.5695,27.521,24.64,0.323,0.043,4.15,8.68
2025-09-02T08:00,morning,central_beach_burgas,Централен плаж Бургас,42.4924,27.4848,24.33,0.374,0.034,3.86,8.45
2025-09-02T16:00,afternoon,central_beach_burgas,Централен плаж Бургас,42.4924,27.4848,24.46,0.394,0.038,4.73,7.96
2025-09-02T08:00,morning,kraimorie,Крайморие,42.4428,27.4686,24.17,0.325,0.043,4.16,10.21
2025-09-02T16:00,afternoon,kraimorie,Крайморие,42.4428,27.4686,23.94,0.338,0.043,4.29,8.23
2025-09-03T08:00,morning,sarafovo,Сарафово,42.5695,27.521,23.04,0.33,0.035,3.67,11.61
2025-09-03T16:00,afternoon,sarafovo,Сарафово,42.5695,27.521,24.1,0.351,0.043,3.53,11.04
2025-09-03T08:00,morning,central_beach_burgas,Централен плаж Бургас,42.4924,27.4848,23.3,0.389,0.055,3.98,8.6
2025-09-03T16:00,afternoon,central_beach_burgas,Централен плаж Бургас,42.4924,27.4848,24.94,0.409,0.047,3.37,9.82
2025-09-03T08:00,morning,kraimorie,Крайморие,42.4428,27.4686,22.78,0.349,0.037,3.97,8.4
2025-09-03T16:00,afternoon,kraimorie,Крайморие,42.4428,27.4686,25.85,0.362,0.032,4.35,8.18
2025-09-04T08:00,morning,sarafovo,Сарафово,42.5695,27.521,23.61,0.344,0.034,4.77,7.99
2025-09-04T16:00,afternoon,sarafovo,Сарафово,42.5695,27.521,24.89,0.378,0.035,4.28,7.32
2025-09-04T08:00,morning,central_beach_burgas,Централен плаж Бургас,42.4924,27.4848,23.29,0.438,0.055,3.64,8.78
2025-09-04T16:00,afternoon,central_beach_burgas,Централен плаж Бургас,42.4924,27.4848,24.76,0.423,0.062,4.1,8.48
2025-09-04T08:00,morning,kraimorie,Крайморие,42.4428,27.4686,23.28,0.353,0.045,4.25,9.77
2025-09-04T16:00,afternoon,kraimorie,Крайморие,42.4428,27.4686,24.21,0.355,0.042,3.76,9.44
2025-09-05T08:00,morning,sarafovo,Сарафово,42.5695,27.521,22.2,0.486,0.053,5.04,8.61
2025-09-05T16:00,afternoon,sarafovo,Сарафово,42.5695,27.521,24.29,0.508,0.054,4.17,8.73
2025-09-05T08:00,morning,central_beach_burgas,Централен плаж Бургас,42.4924,27.4848,23.41,0.586,0.08,5.22,8.57
2025-09-05T16:00,afternoon,central_beach_burgas,Централен плаж Бургас,42.4924,27.4848,24.53,0.636,0.079,5.1,8.43
2025-09-05T08:00,morning,kraimorie,Крайморие,42.4428,27.4686,22.5,0.455,0.064,4.88,8.14
2025-09-05T16:00,afternoon,kraimorie,Крайморие,42.4428,27.4686,24.23,0.458,0.065,4.95,7.75
2025-09-06T08:00,morning,sarafovo,Сарафово,42.5695,27.521,22.94,0.621,0.091,4.99,8.31
2025-09-06T16:00,afternoon,sarafovo,Сарафово,42.5695,27.521,24.07,0.622,0.092,5.09,9.32
2025-09-06T08:00,morning,central_beach_burgas,Централен плаж Бургас,42.4924,27.4848,24.24,0.737,0.106,6.69,7.92
2025-09-06T16:00,afternoon,central_beach_burgas,Централен плаж Бургас,42.4924,27.4848,24.62,0.751,0.115,6.81,7.75
2025-09-06T08:00,morning,kraimorie,Крайморие,42.4428,27.4686,23.45,0.604,0.072,5.94,7.5
2025-09-06T16:00,afternoon,kraimorie,Крайморие,42.4428,27.4686,24.56,0.593,0.071,5.86,8.59
2025-09-07T08:00,morning,sarafovo,Сарафово,42.5695,27.521,22.9,0.712,0.09,6.59,8.15
2025-09-07T16:00,afternoon,sarafovo,Сарафово,42.5695,27.521,23.32,0.713,0.092,6.14,8.6
2025-09-07T08:00,morning,central_beach_burgas,Централен плаж Бургас,42.4924,27.4848,22.91,0.757,0.105,6.01,11.13
2025-09-07T16:00,afternoon,central_beach_burgas,Централен плаж Бургас,42.4924,27.4848,24.35,0.736,0.107,6.58,12.08
2025-09-07T08:00,morning,kraimorie,Крайморие,42.4428,27.4686,22.95,0.72,0.108,7.01,8.7
2025-09-07T16:00,afternoon,kraimorie,Крайморие,42.4428,27.4686,24.53,0.739,0.106,6.69,7.69
2025-09-08T08:00,morning,sarafovo,Сарафово,42.5695,27.521,22.2,0.636,0.086,7.72,11.42
2025-09-08T16:00,afternoon,sarafovo,Сарафово,42.5695,27.521,24.89,0.649,0.081,7.42,11.0
2025-09-08T08:00,morning,central_beach_burgas,Централен плаж Бургас,42.4924,27.4848,22.94,0.647,0.08,6.93,14.35
2025-09-08T16:00,afternoon,central_beach_burgas,Централен плаж Бургас,42.4924,27.4848,24.37,0.65,0.071,6.99,13.99
2025-09-08T08:00,morning,kraimorie,Крайморие,42.4428,27.4686,22.28,0.649,0.089,5.65,11.5
2025-09-08T16:00,afternoon,kraimorie,Крайморие,42.4428,27.4686,24.74,0.644,0.092,6.37,10.96
2025-09-09T08:00,morning,sarafovo,Сарафово,42.5695,27.521,23.15,0.478,0.06,5.84,12.64
2025-09-09T16:00,afternoon,sarafovo,Сарафово,42.5695,27.521,24.31,0.422,0.06,5.32,12.95
2025-09-09T08:00,morning,central_beach_burgas,Централен плаж Бургас,42.4924,27.4848,23.06,0.438,0.066,5.9,16.58
2025-09-09T16:00,afternoon,central_beach_burgas,Централен плаж Бургас,42.4924,27.4848,24.96,0.462,0.056,5.79,16.85
2025-09-09T08:00,morning,kraimorie,Крайморие,42.4428,27.4686,22.58,0.503,0.07,6.03,13.61
2025-09-09T16:00,afternoon,kraimorie,Крайморие,42.4428,27.4686,24.54,0.505,0.064,5.57,13.14
2025-09-10T08:00,morning,sarafovo,Сарафово,42.5695,27.521,22.34,0.342,0.049,4.3,13.97
2025-09-10T16:00,afternoon,sarafovo,Сарафово,42.5695,27.521,23.93,0.346,0.053,4.45,13.75
2025-09-10T08:00,morning,central_beach_burgas,Централен плаж Бургас,42.4924,27.4848,22.51,0.397,0.045,4.39,14.72
2025-09-10T16:00,afternoon,central_beach_burgas,Централен плаж Бургас,42.4924,27.4848,23.9,0.393,0.041,3.85,15.72
2025-09-10T08:00,morning,kraimorie,Крайморие,42.4428,27.4686,23.31,0.376,0.042,3.87,13.01
2025-09-10T16:00,afternoon,kraimorie,Крайморие,42.4428,27.4686,24.2,0.385,0.05,4.97,12.63
2025-09-11T08:00,morning,sarafovo,Сарафово,42.5695,27.521,22.31,0.36,0.031,3.82,11.87
2025-09-11T16:00,afternoon,sarafovo,Сарафово,42.5695,27.521,23.03,0.377,0.03,3.98,13.02
2025-09-11T08:00,morning,central_beach_burgas,Централен плаж Бургас,42.4924,27.4848,22.96,0.4,0.03,4.6,11.13
2025-09-11T16:00,afternoon,central_beach_burgas,Централен плаж Бургас,42.4924,27.4848,23.74,0.355,0.035,4.98,12.04
2025-09-11T08:00,morning,kraimorie,Крайморие,42.4428,27.4686,22.12,0.365,0.049,3.37,11.11
2025-09-11T16:00,afternoon,kraimorie,Крайморие,42.4428,27.4686,24.16,0.366,0.051,2.66,12.23
2025-09-12T08:00,morning,sarafovo,Сарафово,42.5695,27.521,22.21,0.296,0.041,3.64,11.46
2025-09-12T16:00,afternoon,sarafovo,Сарафово,42.5695,27.521,23.33,0.31,0.034,4.01,10.27
2025-09-12T08:00,morning,central_beach_burgas,Централен плаж Бургас,42.4924,27.4848,22.52,0.38,0.045,3.19,7.83
2025-09-12T16:00,afternoon,central_beach_burgas,Централен плаж Бургас,42.4924,27.4848,24.16,0.41,0.042,2.95,6.79
2025-09-12T08:00,morning,kraimorie,Крайморие,42.4428,27.4686,22.03,0.344,0.042,4.54,10.85
2025-09-12T16:00,afternoon,kraimorie,Крайморие,42.4428,27.4686,23.4,0.336,0.035,4.23,11.38
2025-09-13T08:00,morning,sarafovo,Сарафово,42.5695,27.521,21.88,0.337,0.038,2.99,10.7
2025-09-13T16:00,afternoon,sarafovo,Сарафово,42.5695,27.521,24.06,0.326,0.031,3.01,9.93
2025-09-13T08:00,morning,central_beach_burgas,Централен плаж Бургас,42.4924,27.4848,22.37,0.389,0.048,2.9,9.26
2025-09-13T16:00,afternoon,central_beach_burgas,Централен плаж Бургас,42.4924,27.4848,24.42,0.39,0.046,2.84,9.07
2025-09-13T08:00,morning,kraimorie,Крайморие,42.4428,27.4686,23.07,0.393,0.04,4.35,7.17
2025-09-13T16:00,afternoon,kraimorie,Крайморие,42.4428,27.4686,23.87,0.388,0.041,4.09,8.47
2025-09-14T08:00,morning,sarafovo,Сарафово,42.5695,27.521,21.38,0.331,0.042,3.11,8.44
2025-09-14T16:00,afternoon,sarafovo,Сарафово,42.5695,27.521,23.61,0.34,0.044,3.4,7.09
2025-09-14T08:00,morning,central_beach_burgas,Централен плаж Бургас,42.4924,27.4848,22.32,0.412,0.041,3.47,6.16
2025-09-14T16:00,afternoon,central_beach_burgas,Централен плаж Бургас,42.4924,27.4848,22.91,0.408,0.041,2.95,4.41
2025-09-14T08:00,morning,kraimorie,Крайморие,42.4428,27.4686,21.78,0.36,0.038,3.37,8.43
2025-09-14T16:00,afternoon,kraimorie,Крайморие,42.4428,27.4686,23.98,0.334,0.042,3.51,8.4
2025-09-15T08:00,morning,sarafovo,Сарафово,42.5695,27.521,22.59,0.409,0.038,4.02,6.96
2025-09-15T16:00,afternoon,sarafovo,Сарафово,42.5695,27.521,22.41,0.414,0.035,3.92,8.06
2025-09-15T08:00,morning,central_beach_burgas,Централен плаж Бургас,42.4924,27.4848,21.47,0.371,0.05,3.64,7.85
2025-09-15T16:00,afternoon,central_beach_burgas,Централен плаж Бургас,42.4924,27.4848,22.99,0.369,0.044,3.91,7.37
2025-09-15T08:00,morning,kraimorie,Крайморие,42.4428,27.4686,21.93,0.363,0.045,3.2,7.52
2025-09-15T16:00,afternoon,kraimorie,Крайморие,42.4428,27.4686,22.38,0.361,0.047,2.86,8.16
2025-09-16T08:00,morning,sarafovo,Сарафово,42.5695,27.521,21.37,0.366,0.035,4.81,9.9
2025-09-16T16:00,afternoon,sarafovo,Сарафово,42.5695,27.521,22.77,0.372,0.042,4.53,9.63
2025-09-16T08:00,morning,central_beach_burgas,Централен плаж Бургас,42.4924,27.4848,21.91,0.355,0.046,4.21,7.44
2025-09-16T16:00,afternoon,central_beach_burgas,Централен плаж Бургас,42.4924,27.4848,23.42,0.339,0.045,4.18,7.19
2025-09-16T08:00,morning,kraimorie,Крайморие,42.4428,27.4686,20.65,0.369,0.049,3.71,8.26
2025-09-16T16:00,afternoon,kraimorie,Крайморие,42.4428,27.4686,22.97,0.346,0.047,3.74,9.47
2025-09-17T08:00,morning,sarafovo,Сарафово,42.5695,27.521,21.23,0.352,0.042,4.05,7.69
2025-09-17T16:00,afternoon,sarafovo,Сарафово,42.5695,27.521,23.19,0.369,0.037,3.83,8.35
2025-09-17T08:00,morning,central_beach_burgas,Централен плаж Бургас,42.4924,27.4848,21.08,0.394,0.047,4.22,5.4
2025-09-17T16:00,afternoon,central_beach_burgas,Централен плаж Бургас,42.4924,27.4848,23.1,0.404,0.041,4.11,4.22
2025-09-17T08:00,morning,kraimorie,Крайморие,42.4428,27.4686,21.64,0.332,0.046,2.86,6.99
2025-09-17T16:00,afternoon,kraimorie,Крайморие,42.4428,27.4686,22.33,0.355,0.049,2.77,8.17
2025-09-18T08:00,morning,sarafovo,Сарафово,42.5695,27.521,21.44,0.39,0.044,3.14,6.37
2025-09-18T16:00,afternoon,sarafovo,Сарафово,42.5695,27.521,22.3,0.383,0.036,3.03,6.33
2025-09-18T08:00,morning,central_beach_burgas,Централен плаж Бургас,42.4924,27.4848,21.76,0.338,0.052,3.18,7.93
2025-09-18T16:00,afternoon,central_beach_burgas,Централен плаж Бургас,42.4924,27.4848,23.27,0.357,0.049,3.51,7.22
2025-09-18T08:00,morning,kraimorie,Крайморие,42.4428,27.4686,20.59,0.374,0.042,3.25,8.56
2025-09-18T16:00,afternoon,kraimorie,Крайморие,42.4428,27.4686,22.87,0.346,0.044,3.66,7.58
2025-09-19T08:00,morning,sarafovo,Сарафово,42.5695,27.521,21.09,0.36,0.039,2.57,6.67
2025-09-19T16:00,afternoon,sarafovo,Сарафово,42.5695,27.521,22.04,0.305,0.041,2.83,6.93
2025-09-19T08:00,morning,central_beach_burgas,Централен плаж Бургас,42.4924,27.4848,21.46,0.396,0.05,3.3,8.18
2025-09-19T16:00,afternoon,central_beach_burgas,Централен плаж Бургас,42.4924,27.4848,23.04,0.374,0.045,3.0,6.97
2025-09-19T08:00,morning,kraimorie,Крайморие,42.4428,27.4686,21.37,0.351,0.045,2.77,7.25
2025-09-19T16:00,afternoon,kraimorie,Крайморие,42.4428,27.4686,22.22,0.376,0.039,3.06,7.93
2025-09-20T08:00,morning,sarafovo,Сарафово,42.5695,27.521,21.01,0.353,0.042,3.67,5.18
2025-09-20T16:00,afternoon,sarafovo,Сарафово,42.5695,27.521,23.29,0.342,0.045,3.3,6.44
2025-09-20T08:00,morning,central_beach_burgas,Централен плаж Бургас,42.4924,27.4848,20.9,0.358,0.049,4.66,6.71
2025-09-20T16:00,afternoon,central_beach_burgas,Централен плаж Бургас,42.4924,27.4848,23.0,0.366,0.054,3.32,6.86
2025-09-20T08:00,morning,kraimorie,Крайморие,42.4428,27.4686,21.2,0.376,0.029,3.74,6.97
2025-09-20T16:00,afternoon,kraimorie,Крайморие,42.4428,27.4686,22.67,0.33,0.028,4.19,8.15
2025-09-21T08:00,morning,sarafovo,Сарафово,42.5695,27.521,21.51,0.368,0.029,3.21,5.14
2025-09-21T16:00,afternoon,sarafovo,Сарафово,42.5695,27.521,22.6,0.336,0.029,3.07,6.55
2025-09-21T08:00,morning,central_beach_burgas,Централен плаж Бургас,42.4924,27.4848,20.56,0.391,0.047,3.31,6.93
2025-09-21T16:00,afternoon,central_beach_burgas,Централен плаж Бургас,42.4924,27.4848,22.48,0.391,0.043,3.54,6.16
2025-09-21T08:00,morning,kraimorie,Крайморие,42.4428,27.4686,21.27,0.339,0.027,2.79,8.81
2025-09-21T16:00,afternoon,kraimorie,Крайморие,42.4428,27.4686,22.14,0.396,0.029,3.21,7.98
2025-09-22T08:00,morning,sarafovo,Сарафово,42.5695,27.521,20.06,0.319,0.036,2.98,7.11
2025-09-22T16:00,afternoon,sarafovo,Сарафово,42.5695,27.521,22.69,0.367,0.037,2.45,7.15
2025-09-22T08:00,morning,central_beach_burgas,Централен плаж Бургас,42.4924,27.4848,20.88,0.385,0.044,3.07,7.17
2025-09-22T16:00,afternoon,central_beach_burgas,Централен плаж Бургас,42.4924,27.4848,21.99,0.359,0.044,3.1,6.55
2025-09-22T08:00,morning,kraimorie,Крайморие,42.4428,27.4686,21.72,0.31,0.046,2.25,7.35
2025-09-22T16:00,afternoon,kraimorie,Крайморие,42.4428,27.4686,22.13,0.331,0.044,2.51,7.87
2025-09-23T08:00,morning,sarafovo,Сарафово,42.5695,27.521,20.69,0.329,0.032,4.61,7.29
2025-09-23T16:00,afternoon,sarafovo,Сарафово,42.5695,27.521,21.81,0.362,0.022,4.82,7.28
2025-09-23T08:00,morning,central_beach_burgas,Централен плаж Бургас,42.4924,27.4848,20.62,0.414,0.039,3.88,7.31
2025-09-23T16:00,afternoon,central_beach_burgas,Централен плаж Бургас,42.4924,27.4848,22.85,0.405,0.048,3.69,6.89
2025-09-23T08:00,morning,kraimorie,Крайморие,42.4428,27.4686,20.39,0.338,0.046,3.02,8.13
2025-09-23T16:00,afternoon,kraimorie,Крайморие,42.4428,27.4686,22.28,0.366,0.04,4.26,8.49
2025-09-24T08:00,morning,sarafovo,Сарафово,42.5695,27.521,20.95,0.315,0.049,3.26,5.85
2025-09-24T16:00,afternoon,sarafovo,Сарафово,42.5695,27.521,21.89,0.324,0.042,4.12,7.16
2025-09-24T08:00,morning,central_beach_burgas,Централен плаж Бургас,42.4924,27.4848,20.51,0.44,0.046,4.13,8.25
2025-09-24T16:00,afternoon,central_beach_burgas,Централен плаж Бургас,42.4924,27.4848,22.18,0.422,0.05,4.73,6.98
2025-09-24T08:00,morning,kraimorie,Крайморие,42.4428,27.4686,20.39,0.406,0.045,3.98,7.75
2025-09-24T16:00,afternoon,kraimorie,Крайморие,42.4428,27.4686,21.48,0.406,0.05,4.03,8.47
2025-09-25T08:00,morning,sarafovo,Сарафово,42.5695,27.521,20.67,0.342,0.033,3.62,7.34
2025-09-25T16:00,afternoon,sarafovo,Сарафово,42.5695,27.521,21.75,0.354,0.033,3.6,6.02
2025-09-25T08:00,morning,central_beach_burgas,Централен плаж Бургас,42.4924,27.4848,21.11,0.371,0.038,3.81,5.35
2025-09-25T16:00,afternoon,central_beach_burgas,Централен плаж Бургас,42.4924,27.4848,21.94,0.382,0.044,3.79,6.21
2025-09-25T08:00,morning,kraimorie,Крайморие,42.4428,27.4686,20.64,0.356,0.063,3.97,6.71
2025-09-25T16:00,afternoon,kraimorie,Крайморие,42.4428,27.4686,21.82,0.366,0.049,3.38,6.53
2025-09-26T08:00,morning,sarafovo,Сарафово,42.5695,27.521,20.31,0.332,0.033,3.3,7.65
2025-09-26T16:00,afternoon,sarafovo,Сарафово,42.5695,27.521,21.94,0.336,0.047,2.89,7.19
2025-09-26T08:00,morning,central_beach_burgas,Централен плаж Бургас,42.4924,27.4848,21.2,0.403,0.045,3.68,8.27
2025-09-26T16:00,afternoon,central_beach_burgas,Централен плаж Бургас,42.4924,27.4848,22.49,0.39,0.05,4.3,8.43
2025-09-26T08:00,morning,kraimorie,Крайморие,42.4428,27.4686,20.26,0.356,0.051,3.94,6.01
2025-09-26T16:00,afternoon,kraimorie,Крайморие,42.4428,27.4686,21.87,0.347,0.047,3.8,7.45
2025-09-27T08:00,morning,sarafovo,Сарафово,42.5695,27.521,20.83,0.34,0.039,4.14,5.72
2025-09-27T16:00,afternoon,sarafovo,Сарафово,42.5695,27.521,21.2,0.331,0.029,4.19,5.76
2025-09-27T08:00,morning,central_beach_burgas,Централен плаж Бургас,42.4924,27.4848,20.76,0.395,0.048,3.69,5.98
2025-09-27T16:00,afternoon,central_beach_burgas,Централен плаж Бургас,42.4924,27.4848,21.39,0.414,0.043,3.73,5.86
2025-09-27T08:00,morning,kraimorie,Крайморие,42.4428,27.4686,20.7,0.369,0.057,2.87,5.68
2025-09-27T16:00,afternoon,kraimorie,Крайморие,42.4428,27.4686,20.99,0.399,0.052,3.36,5.59
2025-09-28T08:00,morning,sarafovo,Сарафово,42.5695,27.521,19.63,0.365,0.047,3.9,4.88
2025-09-28T16:00,afternoon,sarafovo,Сарафово,42.5695,27.521,21.32,0.341,0.049,4.2,5.3
2025-09-28T08:00,morning,central_beach_burgas,Централен плаж Бургас,42.4924,27.4848,20.06,0.377,0.053,4.19,6.38
2025-09-28T16:00,afternoon,central_beach_burgas,Централен плаж Бургас,42.4924,27.4848,21.39,0.379,0.051,3.43,6.17
2025-09-28T08:00,morning,kraimorie,Крайморие,42.4428,27.4686,20.28,0.401,0.036,3.86,4.8
2025-09-28T16:00,afternoon,kraimorie,Крайморие,42.4428,27.4686,21.35,0.415,0.035,3.29,6.84
2025-09-29T08:00,morning,sarafovo,Сарафово,42.5695,27.521,19.42,0.342,0.046,3.29,6.52
2025-09-29T16:00,afternoon,sarafovo,Сарафово,42.5695,27.521,20.91,0.338,0.043,4.31,6.87
2025-09-29T08:00,morning,central_beach_burgas,Централен плаж Бургас,42.4924,27.4848,19.79,0.423,0.05,3.35,5.71
2025-09-29T16:00,afternoon,central_beach_burgas,Централен плаж Бургас,42.4924,27.4848,21.81,0.402,0.043,3.69,3.12
2025-09-29T08:00,morning,kraimorie,Крайморие,42.4428,27.4686,19.67,0.352,0.045,4.01,5.25
2025-09-29T16:00,afternoon,kraimorie,Крайморие,42.4428,27.4686,21.84,0.362,0.037,3.34,5.58
2025-09-30T08:00,morning,sarafovo,Сарафово,42.5695,27.521,18.93,0.37,0.038,3.02,6.82
2025-09-30T16:00,afternoon,sarafovo,Сарафово,42.5695,27.521,21.4,0.369,0.042,3.77,6.27
2025-09-30T08:00,morning,central_beach_burgas,Централен плаж Бургас,42.4924,27.4848,20.1,0.389,0.04,2.45,6.57
2025-09-30T16:00,afternoon,central_beach_burgas,Централен плаж Бургас,42.4924,27.4848,21.6,0.386,0.041,3.06,6.95
2025-09-30T08:00,morning,kraimorie,Крайморие,42.4428,27.4686,19.99,0.374,0.042,2.84,8.21
2025-09-30T16:00,afternoon,kraimorie,Крайморие,42.4428,27.4686,20.7,0.362,0.049,3.54,7.31
2025-10-01T08:00,morning,sarafovo,Сарафово,42.5695,27.521,20.15,0.324,0.048,3.1,2.45
2025-10-01T16:00,afternoon,sarafovo,Сарафово,42.5695,27.521,20.76,0.314,0.052,3.33,3.16
2025-10-01T08:00,morning,central_beach_burgas,Централен плаж Бургас,42.4924,27.4848,19.85,0.408,0.051,2.62,3.57
2025-10-01T16:00,afternoon,central_beach_burgas,Централен плаж Бургас,42.4924,27.4848,21.05,0.397,0.055,3.4,3.14
2025-10-01T08:00,morning,kraimorie,Крайморие,42.4428,27.4686,19.5,0.381,0.041,3.29,3.19
2025-10-01T16:00,afternoon,kraimorie,Крайморие,42.4428,27.4686,21.1,0.348,0.035,3.01,3.58
2025-10-02T08:00,morning,sarafovo,Сарафово,42.5695,27.521,19.79,0.339,0.038,2.39,4.1
2025-10-02T16:00,afternoon,sarafovo,Сарафово,42.5695,27.521,20.44,0.367,0.031,2.63,4.8
2025-10-02T08:00,morning,central_beach_burgas,Централен плаж Бургас,42.4924,27.4848,20.21,0.415,0.058,3.6,2.95
2025-10-02T16:00,afternoon,central_beach_burgas,Централен плаж Бургас,42.4924,27.4848,20.19,0.408,0.062,3.63,3.34
2025-10-02T08:00,morning,kraimorie,Крайморие,42.4428,27.4686,19.49,0.406,0.036,3.19,3.29
2025-10-02T16:00,afternoon,kraimorie,Крайморие,42.4428,27.4686,20.21,0.395,0.037,3.09,3.34
2025-10-03T08:00,morning,sarafovo,Сарафово,42.5695,27.521,20.44,0.342,0.036,3.24,2.89
2025-10-03T16:00,afternoon,sarafovo,Сарафово,42.5695,27.521,20.25,0.386,0.035,2.29,3.26
2025-10-03T08:00,morning,central_beach_burgas,Централен плаж Бургас,42.4924,27.4848,20.3,0.416,0.046,3.53,2.98
2025-10-03T16:00,afternoon,central_beach_burgas,Централен плаж Бургас,42.4924,27.4848,20.54,0.417,0.058,4.26,3.14
2025-10-03T08:00,morning,kraimorie,Крайморие,42.4428,27.4686,20.22,0.373,0.045,3.22,3.86
2025-10-03T16:00,afternoon,kraimorie,Крайморие,42.4428,27.4686,21.03,0.393,0.041,3.56,4.06
2025-10-04T08:00,morning,sarafovo,Сарафово,42.5695,27.521,19.4,0.322,0.038,3.02,1.71
2025-10-04T16:00,afternoon,sarafovo,Сарафово,42.5695,27.521,20.34,0.309,0.041,2.89,2.98
2025-10-04T08:00,morning,central_beach_burgas,Централен плаж Бургас,42.4924,27.4848,19.53,0.427,0.042,3.44,3.92
2025-10-04T16:00,afternoon,central_beach_burgas,Централен плаж Бургас,42.4924,27.4848,20.18,0.41,0.053,3.5,3.53
2025-10-04T08:00,morning,kraimorie,Крайморие,42.4428,27.4686,19.36,0.343,0.046,3.53,3.93
2025-10-04T16:00,afternoon,kraimorie,Крайморие,42.4428,27.4686,20.01,0.317,0.036,2.59,4.32
2025-10-05T08:00,morning,sarafovo,Сарафово,42.5695,27.521,18.02,0.349,0.031,3.75,3.86
2025-10-05T16:00,afternoon,sarafovo,Сарафово,42.5695,27.521,19.62,0.34,0.034,2.65,3.56
2025-10-05T08:00,morning,central_beach_burgas,Централен плаж Бургас,42.4924,27.4848,18.72,0.384,0.057,2.23,2.98
2025-10-05T16:00,afternoon,central_beach_burgas,Централен плаж Бургас,42.4924,27.4848,20.15,0.383,0.053,2.68,2.11
2025-10-05T08:00,morning,kraimorie,Крайморие,42.4428,27.4686,18.99,0.385,0.041,2.06,2.05
2025-10-05T16:00,afternoon,kraimorie,Крайморие,42.4428,27.4686,20.4,0.404,0.038,2.8,3.43
2025-10-06T08:00,morning,sarafovo,Сарафово,42.5695,27.521,19.83,0.367,0.028,3.62,3.87
2025-10-06T16:00,afternoon,sarafovo,Сарафово,42.5695,27.521,19.91,0.357,0.036,3.71,2.35
2025-10-06T08:00,morning,central_beach_burgas,Централен плаж Бургас,42.4924,27.4848,19.56,0.396,0.055,2.66,4.84
2025-10-06T16:00,afternoon,central_beach_burgas,Централен плаж Бургас,42.4924,27.4848,20.04,0.431,0.055,2.71,5.08
2025-10-06T08:00,morning,kraimorie,Крайморие,42.4428,27.4686,18.49,0.428,0.05,2.29,3.3
2025-10-06T16:00,afternoon,kraimorie,Крайморие,42.4428,27.4686,19.8,0.403,0.048,3.52,3.81
2025-10-07T08:00,morning,sarafovo,Сарафово,42.5695,27.521,18.8,0.37,0.046,3.3,3.03
2025-10-07T16:00,afternoon,sarafovo,Сарафово,42.5695,27.521,20.06,0.35,0.043,2.68,2.81
2025-10-07T08:00,morning,central_beach_burgas,Централен плаж Бургас,42.4924,27.4848,18.68,0.39,0.032,3.28,2.92
2025-10-07T16:00,afternoon,central_beach_burgas,Централен плаж Бургас,42.4924,27.4848,19.99,0.429,0.037,2.88,2.35
2025-10-07T08:00,morning,kraimorie,Крайморие,42.4428,27.4686,18.51,0.371,0.044,4.44,4.1
2025-10-07T16:00,afternoon,kraimorie,Крайморие,42.4428,27.4686,20.11,0.373,0.044,4.0,4.95
2025-10-08T08:00,morning,sarafovo,Сарафово,42.5695,27.521,18.9,0.348,0.033,3.52,3.51
2025-10-08T16:00,afternoon,sarafovo,Сарафово,42.5695,27.521,19.4,0.36,0.035,2.89,5.71
2025-10-08T08:00,morning,central_beach_burgas,Централен плаж Бургас,42.4924,27.4848,18.58,0.394,0.061,3.11,2.16
2025-10-08T16:00,afternoon,central_beach_burgas,Централен плаж Бургас,42.4924,27.4848,20.43,0.403,0.054,2.71,4.49
2025-10-08T08:00,morning,kraimorie,Крайморие,42.4428,27.4686,17.71,0.344,0.046,2.98,4.13
2025-10-08T16:00,afternoon,kraimorie,Крайморие,42.4428,27.4686,19.94,0.368,0.041,4.02,4.5
2025-10-09T08:00,morning,sarafovo,Сарафово,42.5695,27.521,17.14,0.363,0.049,3.26,4.38
2025-10-09T16:00,afternoon,sarafovo,Сарафово,42.5695,27.521,18.44,0.365,0.053,3.07,5.09
2025-10-09T08:00,morning,central_beach_burgas,Централен плаж Бургас,42.4924,27.4848,18.34,0.387,0.046,2.71,3.26
2025-10-09T16:00,afternoon,central_beach_burgas,Централен плаж Бургас,42.4924,27.4848,19.17,0.406,0.048,2.62,2.65
2025-10-09T08:00,morning,kraimorie,Крайморие,42.4428,27.4686,18.43,0.407,0.045,3.37,2.63
2025-10-09T16:00,afternoon,kraimorie,Крайморие,42.4428,27.4686,20.28,0.394,0.053,3.21,3.18
2025-10-10T08:00,morning,sarafovo,Сарафово,42.5695,27.521,17.63,0.359,0.039,3.09,4.43
2025-10-10T16:00,afternoon,sarafovo,Сарафово,42.5695,27.521,19.3,0.367,0.041,3.0,4.58
2025-10-10T08:00,morning,central_beach_burgas,Централен плаж Бургас,42.4924,27.4848,18.2,0.428,0.051,2.9,3.02
2025-10-10T16:00,afternoon,central_beach_burgas,Централен плаж Бургас,42.4924,27.4848,19.56,0.417,0.046,2.3,2.55
2025-10-10T08:00,morning,kraimorie,Крайморие,42.4428,27.4686,17.66,0.403,0.046,3.04,2.83
2025-10-10T16:00,afternoon,kraimorie,Крайморие,42.4428,27.4686,19.83,0.387,0.034,2.95,3.21
2025-10-11T08:00,morning,sarafovo,Сарафово,42.5695,27.521,18.36,0.361,0.046,3.19,2.24
2025-10-11T16:00,afternoon,sarafovo,Сарафово,42.5695,27.521,19.23,0.356,0.041,3.7,4.08
2025-10-11T08:00,morning,central_beach_burgas,Централен плаж Бургас,42.4924,27.4848,18.72,0.411,0.054,2.65,4.84
2025-10-11T16:00,afternoon,central_beach_burgas,Централен плаж Бургас,42.4924,27.4848,20.08,0.409,0.055,2.78,4.08
2025-10-11T08:00,morning,kraimorie,Крайморие,42.4428,27.4686,17.21,0.385,0.044,2.26,3.03
2025-10-11T16:00,afternoon,kraimorie,Крайморие,42.4428,27.4686,18.71,0.377,0.051,2.6,3.57
2025-10-12T08:00,morning,sarafovo,Сарафово,42.5695,27.521,16.64,0.384,0.042,3.05,3.46
2025-10-12T16:00,afternoon,sarafovo,Сарафово,42.5695,27.521,19.23,0.376,0.041,2.91,1.97
2025-10-12T08:00,morning,central_beach_burgas,Централен плаж Бургас,42.4924,27.4848,17.99,0.421,0.053,2.55,2.94
2025-10-12T16:00,afternoon,central_beach_burgas,Централен плаж Бургас,42.4924,27.4848,19.53,0.432,0.062,3.24,3.55
2025-10-12T08:00,morning,kraimorie,Крайморие,42.4428,27.4686,17.62,0.417,0.042,3.15,3.98
2025-10-12T16:00,afternoon,kraimorie,Крайморие,42.4428,27.4686,18.92,0.397,0.049,3.32,3.4
2025-10-13T08:00,morning,sarafovo,Сарафово,42.5695,27.521,17.11,0.377,0.044,4.47,3.8
2025-10-13T16:00,afternoon,sarafovo,Сарафово,42.5695,27.521,18.63,0.377,0.054,3.75,3.52
2025-10-13T08:00,morning,central_beach_burgas,Централен плаж Бургас,42.4924,27.4848,17.92,0.395,0.038,2.53,2.69
2025-10-13T16:00,afternoon,central_beach_burgas,Централен плаж Бургас,42.4924,27.4848,19.89,0.449,0.04,2.73,3.53
2025-10-13T08:00,morning,kraimorie,Крайморие,42.4428,27.4686,17.84,0.362,0.035,3.06,3.74
2025-10-13T16:00,afternoon,kraimorie,Крайморие,42.4428,27.4686,18.26,0.386,0.033,2.82,3.33
2025-10-14T08:00,morning,sarafovo,Сарафово,42.5695,27.521,17.57,0.359,0.044,5.36,3.88
2025-10-14T16:00,afternoon,sarafovo,Сарафово,42.5695,27.521,18.01,0.348,0.043,3.87,4.54
2025-10-14T08:00,morning,central_beach_burgas,Централен плаж Бургас,42.4924,27.4848,17.3,0.483,0.06,3.79,3.33
2025-10-14T16:00,afternoon,central_beach_burgas,Централен плаж Бургас,42.4924,27.4848,19.28,0.473,0.051,3.51,2.48
2025-10-14T08:00,morning,kraimorie,Крайморие,42.4428,27.4686,17.06,0.402,0.048,2.44,1.7
2025-10-14T16:00,afternoon,kraimorie,Крайморие,42.4428,27.4686,18.7,0.394,0.048,2.48,2.87
2025-10-15T08:00,morning,sarafovo,Сарафово,42.5695,27.521,17.65,0.433,0.039,3.69,4.03
2025-10-15T16:00,afternoon,sarafovo,Сарафово,42.5695,27.521,18.11,0.373,0.039,3.52,3.53
2025-10-15T08:00,morning,central_beach_burgas,Централен плаж Бургас,42.4924,27.4848,17.63,0.484,0.062,3.29,3.15
2025-10-15T16:00,afternoon,central_beach_burgas,Централен плаж Бургас,42.4924,27.4848,17.7,0.519,0.061,4.0,4.43
2025-10-15T08:00,morning,kraimorie,Крайморие,42.4428,27.4686,17.41,0.377,0.048,3.31,3.59
2025-10-15T16:00,afternoon,kraimorie,Крайморие,42.4428,27.4686,17.85,0.386,0.042,3.54,4.21
2025-10-16T08:00,morning,sarafovo,Сарафово,42.5695,27.521,17.24,0.5,0.07,4.41,2.79
2025-10-16T16:00,afternoon,sarafovo,Сарафово,42.5695,27.521,17.98,0.493,0.076,4.9,2.47
2025-10-16T08:00,morning,central_beach_burgas,Централен плаж Бургас,42.4924,27.4848,16.73,0.667,0.075,4.97,3.35
2025-10-16T16:00,afternoon,central_beach_burgas,Централен плаж Бургас,42.4924,27.4848,17.69,0.652,0.086,6.14,4.06
2025-10-16T08:00,morning,kraimorie,Крайморие,42.4428,27.4686,17.37,0.504,0.067,4.14,4.31
2025-10-16T16:00,afternoon,kraimorie,Крайморие,42.4428,27.4686,17.8,0.511,0.074,4.57,4.65
2025-10-17T08:00,morning,sarafovo,Сарафово,42.5695,27.521,16.26,0.675,0.097,4.3,3.26
2025-10-17T16:00,afternoon,sarafovo,Сарафово,42.5695,27.521,17.75,0.637,0.105,4.52,4.03
2025-10-17T08:00,morning,central_beach_burgas,Централен плаж Бургас,42.4924,27.4848,17.02,0.831,0.123,5.95,4.32
2025-10-17T16:00,afternoon,central_beach_burgas,Централен плаж Бургас,42.4924,27.4848,18.66,0.795,0.128,5.87,4.52
2025-10-17T08:00,morning,kraimorie,Крайморие,42.4428,27.4686,17.09,0.671,0.106,6.31,4.06
2025-10-17T16:00,afternoon,kraimorie,Крайморие,42.4428,27.4686,18.29,0.67,0.1,6.5,4.29
2025-10-18T08:00,morning,sarafovo,Сарафово,42.5695,27.521,16.86,0.79,0.101,6.09,3.49
2025-10-18T16:00,afternoon,sarafovo,Сарафово,42.5695,27.521,17.22,0.778,0.106,6.15,4.32
2025-10-18T08:00,morning,central_beach_burgas,Централен плаж Бургас,42.4924,27.4848,17.33,0.849,0.119,5.41,3.66
2025-10-18T16:00,afternoon,central_beach_burgas,Централен плаж Бургас,42.4924,27.4848,17.88,0.855,0.117,5.5,2.39
2025-10-18T08:00,morning,kraimorie,Крайморие,42.4428,27.4686,16.0,0.797,0.12,7.11,4.59
2025-10-18T16:00,afternoon,kraimorie,Крайморие,42.4428,27.4686,18.62,0.81,0.117,6.47,4.3
2025-10-19T08:00,morning,sarafovo,Сарафово,42.5695,27.521,17.05,0.628,0.09,4.83,4.11
2025-10-19T16:00,afternoon,sarafovo,Сарафово,42.5695,27.521,18.22,0.653,0.102,4.62,3.54
2025-10-19T08:00,morning,central_beach_burgas,Централен плаж Бургас,42.4924,27.4848,15.86,0.681,0.097,5.0,4.02
2025-10-19T16:00,afternoon,central_beach_burgas,Централен плаж Бургас,42.4924,27.4848,17.74,0.702,0.098,5.39,3.9
2025-10-19T08:00,morning,kraimorie,Крайморие,42.4428,27.4686,16.51,0.692,0.122,5.11,4.09
2025-10-19T16:00,afternoon,kraimorie,Крайморие,42.4428,27.4686,17.58,0.667,0.121,4.38,3.91
2025-10-20T08:00,morning,sarafovo,Сарафово,42.5695,27.521,16.14,0.505,0.069,4.48,5.15
2025-10-20T16:00,afternoon,sarafovo,Сарафово,42.5695,27.521,17.29,0.469,0.068,4.76,5.58
2025-10-20T08:00,morning,central_beach_burgas,Централен плаж Бургас,42.4924,27.4848,16.6,0.474,0.071,4.63,4.22
2025-10-20T16:00,afternoon,central_beach_burgas,Централен плаж Бургас,42.4924,27.4848,18.02,0.467,0.067,4.41,5.35
2025-10-20T08:00,morning,kraimorie,Крайморие,42.4428,27.4686,16.65,0.505,0.071,5.17,3.5
2025-10-20T16:00,afternoon,kraimorie,Крайморие,42.4428,27.4686,17.89,0.508,0.077,4.92,3.73
2025-10-21T08:00,morning,sarafovo,Сарафово,42.5695,27.521,16.28,0.368,0.061,2.83,3.21
2025-10-21T16:00,afternoon,sarafovo,Сарафово,42.5695,27.521,17.26,0.395,0.058,3.68,3.71
2025-10-21T08:00,morning,central_beach_burgas,Централен плаж Бургас,42.4924,27.4848,16.62,0.451,0.052,3.9,3.62
2025-10-21T16:00,afternoon,central_beach_burgas,Централен плаж Бургас,42.4924,27.4848,17.75,0.429,0.058,3.72,4.12
2025-10-21T08:00,morning,kraimorie,Крайморие,42.4428,27.4686,16.33,0.453,0.047,3.23,5.78
2025-10-21T16:00,afternoon,kraimorie,Крайморие,42.4428,27.4686,17.54,0.459,0.047,3.51,4.34
2025-10-22T08:00,morning,sarafovo,Сарафово,42.5695,27.521,16.06,0.388,0.054,2.14,5.21
2025-10-22T16:00,afternoon,sarafovo,Сарафово,42.5695,27.521,18.2,0.378,0.044,2.44,4.47
2025-10-22T08:00,morning,central_beach_burgas,Централен плаж Бургас,42.4924,27.4848,16.78,0.408,0.051,3.71,4.83
2025-10-22T16:00,afternoon,central_beach_burgas,Централен плаж Бургас,42.4924,27.4848,16.93,0.439,0.052,2.67,5.27
2025-10-22T08:00,morning,kraimorie,Крайморие,42.4428,27.4686,16.66,0.382,0.061,2.75,3.56
2025-10-22T16:00,afternoon,kraimorie,Крайморие,42.4428,27.4686,17.55,0.379,0.057,2.86,4.66
2025-10-23T08:00,morning,sarafovo,Сарафово,42.5695,27.521,15.96,0.358,0.051,2.93,4.26
2025-10-23T16:00,afternoon,sarafovo,Сарафово,42.5695,27.521,17.78,0.367,0.05,2.39,5.39
2025-10-23T08:00,morning,central_beach_burgas,Централен плаж Бургас,42.4924,27.4848,15.82,0.479,0.055,3.27,3.4
2025-10-23T16:00,afternoon,central_beach_burgas,Централен плаж Бургас,42.4924,27.4848,16.49,0.47,0.058,3.13,4.87
2025-10-23T08:00,morning,kraimorie,Крайморие,42.4428,27.4686,15.56,0.406,0.052,3.6,4.62
2025-10-23T16:00,afternoon,kraimorie,Крайморие,42.4428,27.4686,16.59,0.402,0.049,3.91,3.8
2025-10-24T08:00,morning,sarafovo,Сарафово,42.5695,27.521,15.45,0.317,0.042,3.0,3.99
2025-10-24T16:00,afternoon,sarafovo,Сарафово,42.5695,27.521,16.49,0.321,0.044,3.36,3.56
2025-10-24T08:00,morning,central_beach_burgas,Централен плаж Бургас,42.4924,27.4848,15.73,0.368,0.061,2.2,3.63
2025-10-24T16:00,afternoon,central_beach_burgas,Централен плаж Бургас,42.4924,27.4848,17.78,0.366,0.065,3.01,3.18
2025-10-24T08:00,morning,kraimorie,Крайморие,42.4428,27.4686,16.05,0.43,0.052,2.94,3.08
2025-10-24T16:00,afternoon,kraimorie,Крайморие,42.4428,27.4686,18.21,0.423,0.059,3.91,3.54
2025-10-25T08:00,morning,sarafovo,Сарафово,42.5695,27.521,15.19,0.395,0.052,3.33,2.28
2025-10-25T16:00,afternoon,sarafovo,Сарафово,42.5695,27.521,16.15,0.378,0.044,3.34,3.49
2025-10-25T08:00,morning,central_beach_burgas,Централен плаж Бургас,42.4924,27.4848,16.15,0.425,0.055,3.36,4.5
2025-10-25T16:00,afternoon,central_beach_burgas,Централен плаж Бургас,42.4924,27.4848,16.57,0.43,0.06,3.58,3.91
2025-10-25T08:00,morning,kraimorie,Крайморие,42.4428,27.4686,15.65,0.419,0.059,2.3,3.58
2025-10-25T16:00,afternoon,kraimorie,Крайморие,42.4428,27.4686,17.6,0.425,0.062,3.17,3.54
2025-10-26T08:00,morning,sarafovo,Сарафово,42.5695,27.521,15.43,0.399,0.052,3.24,3.87
2025-10-26T16:00,afternoon,sarafovo,Сарафово,42.5695,27.521,17.01,0.405,0.047,2.97,3.36
2025-10-26T08:00,morning,central_beach_burgas,Централен плаж Бургас,42.4924,27.4848,15.3,0.415,0.063,3.78,3.08
2025-10-26T16:00,afternoon,central_beach_burgas,Централен плаж Бургас,42.4924,27.4848,17.48,0.401,0.065,3.19,4.35
2025-10-26T08:00,morning,kraimorie,Крайморие,42.4428,27.4686,14.59,0.437,0.049,4.23,3.22
2025-10-26T16:00,afternoon,kraimorie,Крайморие,42.4428,27.4686,16.34,0.426,0.048,4.6,2.21
2025-10-27T08:00,morning,sarafovo,Сарафово,42.5695,27.521,15.13,0.379,0.05,2.12,2.56
2025-10-27T16:00,afternoon,sarafovo,Сарафово,42.5695,27.521,16.39,0.388,0.048,1.91,3.27
2025-10-27T08:00,morning,central_beach_burgas,Централен плаж Бургас,42.4924,27.4848,16.09,0.485,0.069,2.86,3.38
2025-10-27T16:00,afternoon,central_beach_burgas,Централен плаж Бургас,42.4924,27.4848,16.35,0.481,0.067,2.78,2.86
2025-10-27T08:00,morning,kraimorie,Крайморие,42.4428,27.4686,14.94,0.391,0.044,2.26,5.29
2025-10-27T16:00,afternoon,kraimorie,Крайморие,42.4428,27.4686,15.97,0.387,0.047,2.52,4.32
2025-10-28T08:00,morning,sarafovo,Сарафово,42.5695,27.521,15.71,0.378,0.049,3.77,2.59
2025-10-28T16:00,afternoon,sarafovo,Сарафово,42.5695,27.521,15.98,0.413,0.047,2.99,2.6
2025-10-28T08:00,morning,central_beach_burgas,Централен плаж Бургас,42.4924,27.4848,15.12,0.424,0.061,3.61,3.07
2025-10-28T16:00,afternoon,central_beach_burgas,Централен плаж Бургас,42.4924,27.4848,16.16,0.427,0.071,2.64,3.64
2025-10-28T08:00,morning,kraimorie,Крайморие,42.4428,27.4686,14.03,0.447,0.051,2.69,3.59
2025-10-28T16:00,afternoon,kraimorie,Крайморие,42.4428,27.4686,16.97,0.477,0.054,2.81,3.15
2025-10-29T08:00,morning,sarafovo,Сарафово,42.5695,27.521,15.2,0.381,0.06,3.66,3.32
2025-10-29T16:00,afternoon,sarafovo,Сарафово,42.5695,27.521,15.55,0.417,0.058,2.99,2.03
2025-10-29T08:00,morning,central_beach_burgas,Централен плаж Бургас,42.4924,27.4848,14.57,0.465,0.053,2.73,3.35
2025-10-29T16:00,afternoon,central_beach_burgas,Централен плаж Бургас,42.4924,27.4848,16.48,0.471,0.063,3.46,4.24
2025-10-29T08:00,morning,kraimorie,Крайморие,42.4428,27.4686,15.01,0.451,0.048,3.51,3.52
2025-10-29T16:00,afternoon,kraimorie,Крайморие,42.4428,27.4686,16.13,0.442,0.053,3.61,2.82
2025-10-30T08:00,morning,sarafovo,Сарафово,42.5695,27.521,13.81,0.364,0.041,3.86,3.66
2025-10-30T16:00,afternoon,sarafovo,Сарафово,42.5695,27.521,15.24,0.37,0.043,3.97,3.56
2025-10-30T08:00,morning,central_beach_burgas,Централен плаж Бургас,42.4924,27.4848,15.42,0.435,0.047,3.05,3.91
2025-10-30T16:00,afternoon,central_beach_burgas,Централен плаж Бургас,42.4924,27.4848,15.66,0.411,0.05,2.71,3.59
2025-10-30T08:00,morning,kraimorie,Крайморие,42.4428,27.4686,14.39,0.38,0.053,4.17,3.25
2025-10-30T16:00,afternoon,kraimorie,Крайморие,42.4428,27.4686,15.78,0.395,0.058,3.52,3.28
2025-10-31T08:00,morning,sarafovo,Сарафово,42.5695,27.521,14.51,0.334,0.044,3.02,4.13
2025-10-31T16:00,afternoon,sarafovo,Сарафово,42.5695,27.521,15.07,0.388,0.052,2.7,3.41
2025-10-31T08:00,morning,central_beach_burgas,Централен плаж Бургас,42.4924,27.4848,15.09,0.454,0.058,3.83,3.32
2025-10-31T16:00,afternoon,central_beach_burgas,Централен плаж Бургас,42.4924,27.4848,16.34,0.427,0.059,4.64,4.26
2025-10-31T08:00,morning,kraimorie,Крайморие,42.4428,27.4686,13.58,0.413,0.047,2.38,3.92
2025-10-31T16:00,afternoon,kraimorie,Крайморие,42.4428,27.4686,15.41,0.386,0.056,2.02,2.61
2025-11-01T08:00,morning,sarafovo,Сарафово,42.5695,27.521,14.08,0.441,0.042,3.97,2.92
2025-11-01T16:00,afternoon,sarafovo,Сарафово,42.5695,27.521,16.0,0.422,0.047,3.94,4.05
2025-11-01T08:00,morning,central_beach_burgas,Централен плаж Бургас,42.4924,27.4848,14.87,0.438,0.055,3.07,2.69
2025-11-01T16:00,afternoon,central_beach_burgas,Централен плаж Бургас,42.4924,27.4848,15.35,0.463,0.041,2.92,2.66
2025-11-01T08:00,morning,kraimorie,Крайморие,42.4428,27.4686,14.74,0.424,0.052,3.57,3.25
2025-11-01T16:00,afternoon,kraimorie,Крайморие,42.4428,27.4686,15.67,0.422,0.056,3.6,3.78
2025-11-02T08:00,morning,sarafovo,Сарафово,42.5695,27.521,14.46,0.412,0.055,3.86,2.23
2025-11-02T16:00,afternoon,sarafovo,Сарафово,42.5695,27.521,15.07,0.45,0.057,3.26,2.15
2025-11-02T08:00,morning,central_beach_burgas,Централен плаж Бургас,42.4924,27.4848,14.66,0.453,0.057,3.68,2.56
2025-11-02T16:00,afternoon,central_beach_burgas,Централен плаж Бургас,42.4924,27.4848,15.43,0.483,0.053,3.79,4.43
2025-11-02T08:00,morning,kraimorie,Крайморие,42.4428,27.4686,14.85,0.4,0.047,3.19,2.69
2025-11-02T16:00,afternoon,kraimorie,Крайморие,42.4428,27.4686,14.56,0.435,0.05,3.26,3.01
2025-11-03T08:00,morning,sarafovo,Сарафово,42.5695,27.521,13.52,0.436,0.053,3.61,4.06
2025-11-03T16:00,afternoon,sarafovo,Сарафово,42.5695,27.521,15.04,0.42,0.055,3.1,3.19
2025-11-03T08:00,morning,central_beach_burgas,Централен плаж Бургас,42.4924,27.4848,14.78,0.471,0.051,3.0,5.73
2025-11-03T16:00,afternoon,central_beach_burgas,Централен плаж Бургас,42.4924,27.4848,15.32,0.497,0.049,3.03,5.53
2025-11-03T08:00,morning,kraimorie,Крайморие,42.4428,27.4686,14.25,0.455,0.051,3.49,2.73
2025-11-03T16:00,afternoon,kraimorie,Крайморие,42.4428,27.4686,14.96,0.455,0.055,4.48,3.47
2025-11-04T08:00,morning,sarafovo,Сарафово,42.5695,27.521,13.76,0.395,0.05,3.53,3.2
2025-11-04T16:00,afternoon,sarafovo,Сарафово,42.5695,27.521,15.4,0.387,0.052,3.74,1.96
2025-11-04T08:00,morning,central_beach_burgas,Централен плаж Бургас,42.4924,27.4848,13.76,0.451,0.063,3.67,1.81
2025-11-04T16:00,afternoon,central_beach_burgas,Централен плаж Бургас,42.4924,27.4848,15.42,0.443,0.057,2.96,3.14
2025-11-04T08:00,morning,kraimorie,Крайморие,42.4428,27.4686,14.08,0.441,0.051,3.37,3.63
2025-11-04T16:00,afternoon,kraimorie,Крайморие,42.4428,27.4686,15.48,0.428,0.052,3.33,2.26
2025-11-05T08:00,morning,sarafovo,Сарафово,42.5695,27.521,13.16,0.413,0.057,3.26,3.62
2025-11-05T16:00,afternoon,sarafovo,Сарафово,42.5695,27.521,14.66,0.397,0.059,3.22,4.89
2025-11-05T08:00,morning,central_beach_burgas,Централен плаж Бургас,42.4924,27.4848,14.74,0.484,0.057,3.27,2.89
2025-11-05T16:00,afternoon,central_beach_burgas,Централен плаж Бургас,42.4924,27.4848,14.6,0.472,0.053,2.08,3.89
2025-11-05T08:00,morning,kraimorie,Крайморие,42.4428,27.4686,13.18,0.477,0.06,2.52,3.19
2025-11-05T16:00,afternoon,kraimorie,Крайморие,42.4428,27.4686,15.47,0.491,0.067,2.6,4.56
2025-11-06T08:00,morning,sarafovo,Сарафово,42.5695,27.521,12.77,0.398,0.055,3.4,3.77
2025-11-06T16:00,afternoon,sarafovo,Сарафово,42.5695,27.521,14.73,0.418,0.045,3.63,3.51
2025-11-06T08:00,morning,central_beach_burgas,Централен плаж Бургас,42.4924,27.4848,13.42,0.485,0.066,1.8,2.53
2025-11-06T16:00,afternoon,central_beach_burgas,Централен плаж Бургас,42.4924,27.4848,14.14,0.451,0.068,1.86,3.57
2025-11-06T08:00,morning,kraimorie,Крайморие,42.4428,27.4686,13.61,0.436,0.056,3.74,3.13
2025-11-06T16:00,afternoon,kraimorie,Крайморие,42.4428,27.4686,14.61,0.424,0.055,3.31,3.65
2025-11-07T08:00,morning,sarafovo,Сарафово,42.5695,27.521,13.46,0.42,0.06,3.1,1.84
2025-11-07T16:00,afternoon,sarafovo,Сарафово,42.5695,27.521,14.61,0.452,0.059,3.47,2.69
2025-11-07T08:00,morning,central_beach_burgas,Централен плаж Бургас,42.4924,27.4848,12.6,0.485,0.045,3.41,5.1
2025-11-07T16:00,afternoon,central_beach_burgas,Централен плаж Бургас,42.4924,27.4848,14.22,0.497,0.053,3.59,4.84
2025-11-07T08:00,morning,kraimorie,Крайморие,42.4428,27.4686,14.23,0.405,0.069,3.84,3.1
2025-11-07T16:00,afternoon,kraimorie,Крайморие,42.4428,27.4686,14.16,0.429,0.059,4.07,2.99
2025-11-08T08:00,morning,sarafovo,Сарафово,42.5695,27.521,13.74,0.412,0.057,3.53,3.34
2025-11-08T16:00,afternoon,sarafovo,Сарафово,42.5695,27.521,14.31,0.389,0.062,3.73,2.18
2025-11-08T08:00,morning,central_beach_burgas,Централен плаж Бургас,42.4924,27.4848,12.94,0.454,0.058,3.44,3.84
2025-11-08T16:00,afternoon,central_beach_burgas,Централен плаж Бургас,42.4924,27.4848,15.01,0.45,0.065,3.64,3.0
2025-11-08T08:00,morning,kraimorie,Крайморие,42.4428,27.4686,13.1,0.465,0.058,4.35,3.87
2025-11-08T16:00,afternoon,kraimorie,Крайморие,42.4428,27.4686,14.52,0.474,0.064,3.99,3.71
2025-11-09T08:00,morning,sarafovo,Сарафово,42.5695,27.521,13.45,0.397,0.054,3.79,4.07
2025-11-09T16:00,afternoon,sarafovo,Сарафово,42.5695,27.521,12.92,0.4,0.05,2.71,1.4
2025-11-09T08:00,morning,central_beach_burgas,Централен плаж Бургас,42.4924,27.4848,12.96,0.488,0.061,3.54,3.32
2025-11-09T16:00,afternoon,central_beach_burgas,Централен плаж Бургас,42.4924,27.4848,15.19,0.445,0.051,3.23,5.0
2025-11-09T08:00,morning,kraimorie,Крайморие,42.4428,27.4686,13.3,0.422,0.054,3.1,2.76
2025-11-09T16:00,afternoon,kraimorie,Крайморие,42.4428,27.4686,13.61,0.414,0.055,3.38,2.36
2025-11-10T08:00,morning,sarafovo,Сарафово,42.5695,27.521,12.72,0.425,0.05,3.1,2.77
2025-11-10T16:00,afternoon,sarafovo,Сарафово,42.5695,27.521,13.86,0.439,0.059,2.77,3.11
2025-11-10T08:00,morning,central_beach_burgas,Централен плаж Бургас,42.4924,27.4848,13.04,0.487,0.07,2.37,4.03
2025-11-10T16:00,afternoon,central_beach_burgas,Централен плаж Бургас,42.4924,27.4848,13.81,0.504,0.064,2.52,2.21
2025-11-10T08:00,morning,kraimorie,Крайморие,42.4428,27.4686,12.3,0.452,0.048,2.8,3.38
2025-11-10T16:00,afternoon,kraimorie,Крайморие,42.4428,27.4686,15.11,0.456,0.052,3.12,3.46
2025-11-11T08:00,morning,sarafovo,Сарафово,42.5695,27.521,11.61,0.372,0.055,3.05,3.51
2025-11-11T16:00,afternoon,sarafovo,Сарафово,42.5695,27.521,13.22,0.345,0.046,2.22,2.66
2025-11-11T08:00,morning,central_beach_burgas,Централен плаж Бургас,42.4924,27.4848,13.32,0.453,0.059,3.24,3.47
2025-11-11T16:00,afternoon,central_beach_burgas,Централен плаж Бургас,42.4924,27.4848,14.35,0.482,0.054,3.18,3.87
2025-11-11T08:00,morning,kraimorie,Крайморие,42.4428,27.4686,12.55,0.42,0.063,1.98,3.88
2025-11-11T16:00,afternoon,kraimorie,Крайморие,42.4428,27.4686,13.47,0.422,0.056,2.39,4.36
2025-11-12T08:00,morning,sarafovo,Сарафово,42.5695,27.521,12.54,0.409,0.057,2.55,5.02
2025-11-12T16:00,afternoon,sarafovo,Сарафово,42.5695,27.521,13.31,0.419,0.055,3.23,3.92
2025-11-12T08:00,morning,central_beach_burgas,Централен плаж Бургас,42.4924,27.4848,13.98,0.496,0.07,2.21,3.86
2025-11-12T16:00,afternoon,central_beach_burgas,Централен плаж Бургас,42.4924,27.4848,13.54,0.489,0.069,2.2,3.63
2025-11-12T08:00,morning,kraimorie,Крайморие,42.4428,27.4686,10.97,0.463,0.067,3.26,4.38
2025-11-12T16:00,afternoon,kraimorie,Крайморие,42.4428,27.4686,12.99,0.467,0.069,3.45,4.96
2025-11-13T08:00,morning,sarafovo,Сарафово,42.5695,27.521,12.61,0.439,0.061,4.04,3.51
2025-11-13T16:00,afternoon,sarafovo,Сарафово,42.5695,27.521,11.59,0.447,0.052,2.98,3.2
2025-11-13T08:00,morning,central_beach_burgas,Централен плаж Бургас,42.4924,27.4848,12.74,0.477,0.064,2.93,2.31
2025-11-13T16:00,afternoon,central_beach_burgas,Централен плаж Бургас,42.4924,27.4848,13.72,0.489,0.06,3.19,1.78
2025-11-13T08:00,morning,kraimorie,Крайморие,42.4428,27.4686,12.05,0.405,0.071,3.58,4.28
2025-11-13T16:00,afternoon,kraimorie,Крайморие,42.4428,27.4686,13.42,0.385,0.057,3.47,4.49
2025-11-14T08:00,morning,sarafovo,Сарафово,42.5695,27.521,12.09,0.434,0.06,3.19,2.5
2025-11-14T16:00,afternoon,sarafovo,Сарафово,42.5695,27.521,12.54,0.435,0.059,3.9,3.4
2025-11-14T08:00,morning,central_beach_burgas,Централен плаж Бургас,42.4924,27.4848,12.94,0.486,0.06,3.03,2.64
2025-11-14T16:00,afternoon,central_beach_burgas,Централен плаж Бургас,42.4924,27.4848,13.21,0.494,0.058,3.12,1.03
2025-11-14T08:00,morning,kraimorie,Крайморие,42.4428,27.4686,11.43,0.454,0.062,3.37,2.18
2025-11-14T16:00,afternoon,kraimorie,Крайморие,42.4428,27.4686,13.42,0.473,0.066,3.2,3.65
2025-11-15T08:00,morning,sarafovo,Сарафово,42.5695,27.521,12.25,0.418,0.06,2.6,2.7
2025-11-15T16:00,afternoon,sarafovo,Сарафово,42.5695,27.521,12.94,0.447,0.066,3.59,4.52
2025-11-15T08:00,morning,central_beach_burgas,Централен плаж Бургас,42.4924,27.4848,12.78,0.491,0.072,3.76,4.25
2025-11-15T16:00,afternoon,central_beach_burgas,Централен плаж Бургас,42.4924,27.4848,13.64,0.478,0.081,3.49,3.54
2025-11-15T08:00,morning,kraimorie,Крайморие,42.4428,27.4686,12.28,0.425,0.076,3.34,3.31
2025-11-15T16:00,afternoon,kraimorie,Крайморие,42.4428,27.4686,12.17,0.409,0.079,4.2,3.68
2025-11-16T08:00,morning,sarafovo,Сарафово,42.5695,27.521,11.57,0.47,0.057,3.4,4.04
2025-11-16T16:00,afternoon,sarafovo,Сарафово,42.5695,27.521,12.99,0.44,0.052,3.2,3.25
2025-11-16T08:00,morning,central_beach_burgas,Централен плаж Бургас,42.4924,27.4848,12.11,0.479,0.066,2.71,5.76
2025-11-16T16:00,afternoon,central_beach_burgas,Централен плаж Бургас,42.4924,27.4848,12.43,0.476,0.066,2.77,6.35
2025-11-16T08:00,morning,kraimorie,Крайморие,42.4428,27.4686,12.06,0.466,0.055,2.74,3.58
2025-11-16T16:00,afternoon,kraimorie,Крайморие,42.4428,27.4686,13.07,0.471,0.061,3.47,3.16
2025-11-17T08:00,morning,sarafovo,Сарафово,42.5695,27.521,11.41,0.404,0.05,3.47,3.79
2025-11-17T16:00,afternoon,sarafovo,Сарафово,42.5695,27.521,12.69,0.427,0.054,3.62,3.72
2025-11-17T08:00,morning,central_beach_burgas,Централен плаж Бургас,42.4924,27.4848,11.98,0.469,0.081,2.66,3.16
2025-11-17T16:00,afternoon,central_beach_burgas,Централен плаж Бургас,42.4924,27.4848,13.35,0.484,0.076,3.01,3.68
2025-11-17T08:00,morning,kraimorie,Крайморие,42.4428,27.4686,10.53,0.483,0.061,3.68,3.82
2025-11-17T16:00,afternoon,kraimorie,Крайморие,42.4428,27.4686,12.68,0.469,0.063,3.99,3.47
2025-11-18T08:00,morning,sarafovo,Сарафово,42.5695,27.521,11.46,0.482,0.062,2.94,3.95
2025-11-18T16:00,afternoon,sarafovo,Сарафово,42.5695,27.521,12.47,0.48,0.061,2.62,3.2
2025-11-18T08:00,morning,central_beach_burgas,Централен плаж Бургас,42.4924,27.4848,11.7,0.55,0.079,3.57,3.48
2025-11-18T16:00,afternoon,central_beach_burgas,Централен плаж Бургас,42.4924,27.4848,12.43,0.568,0.078,3.12,3.27
2025-11-18T08:00,morning,kraimorie,Крайморие,42.4428,27.4686,10.64,0.467,0.066,3.49,4.0
2025-11-18T16:00,afternoon,kraimorie,Крайморие,42.4428,27.4686,12.91,0.475,0.069,3.41,5.75
2025-11-19T08:00,morning,sarafovo,Сарафово,42.5695,27.521,11.0,0.568,0.077,4.24,3.38
2025-11-19T16:00,afternoon,sarafovo,Сарафово,42.5695,27.521,12.29,0.581,0.07,4.45,4.06
2025-11-19T08:00,morning,central_beach_burgas,Централен плаж Бургас,42.4924,27.4848,11.33,0.721,0.116,3.72,3.94
2025-11-19T16:00,afternoon,central_beach_burgas,Централен плаж Бургас,42.4924,27.4848,12.96,0.727,0.106,4.39,2.18
2025-11-19T08:00,morning,kraimorie,Крайморие,42.4428,27.4686,11.6,0.602,0.082,3.0,4.13
2025-11-19T16:00,afternoon,kraimorie,Крайморие,42.4428,27.4686,13.55,0.588,0.084,3.53,2.55
2025-11-20T08:00,morning,sarafovo,Сарафово,42.5695,27.521,11.01,0.764,0.122,5.8,2.76
2025-11-20T16:00,afternoon,sarafovo,Сарафово,42.5695,27.521,12.26,0.742,0.126,5.41,3.77
2025-11-20T08:00,morning,central_beach_burgas,Централен плаж Бургас,42.4924,27.4848,10.83,0.929,0.146,5.82,2.94
2025-11-20T16:00,afternoon,central_beach_burgas,Централен плаж Бургас,42.4924,27.4848,12.06,0.913,0.147,5.95,4.05
2025-11-20T08:00,morning,kraimorie,Крайморие,42.4428,27.4686,10.96,0.755,0.116,5.79,4.47
2025-11-20T16:00,afternoon,kraimorie,Крайморие,42.4428,27.4686,13.12,0.775,0.123,5.64,4.23
2025-11-21T08:00,morning,sarafovo,Сарафово,42.5695,27.521,10.93,0.838,0.138,6.55,4.55
2025-11-21T16:00,afternoon,sarafovo,Сарафово,42.5695,27.521,11.82,0.853,0.134,6.65,2.27
2025-11-21T08:00,morning,central_beach_burgas,Централен плаж Бургас,42.4924,27.4848,10.82,0.971,0.157,6.14,3.71
2025-11-21T16:00,afternoon,central_beach_burgas,Централен плаж Бургас,42.4924,27.4848,12.48,0.965,0.152,4.93,4.08
2025-11-21T08:00,morning,kraimorie,Крайморие,42.4428,27.4686,11.2,0.937,0.13,5.93,2.48
2025-11-21T16:00,afternoon,kraimorie,Крайморие,42.4428,27.4686,12.75,0.888,0.144,6.23,2.55
2025-11-22T08:00,morning,sarafovo,Сарафово,42.5695,27.521,10.51,0.75,0.124,5.8,4.49
2025-11-22T16:00,afternoon,sarafovo,Сарафово,42.5695,27.521,12.35,0.74,0.121,4.77,3.6
2025-11-22T08:00,morning,central_beach_burgas,Централен плаж Бургас,42.4924,27.4848,10.55,0.752,0.123,5.45,4.68
2025-11-22T16:00,afternoon,central_beach_burgas,Централен плаж Бургас,42.4924,27.4848,11.78,0.782,0.119,5.62,4.31
2025-11-22T08:00,morning,kraimorie,Крайморие,42.4428,27.4686,10.19,0.84,0.133,6.08,3.32
2025-11-22T16:00,afternoon,kraimorie,Крайморие,42.4428,27.4686,11.41,0.862,0.123,5.86,3.65
2025-11-23T08:00,morning,sarafovo,Сарафово,42.5695,27.521,9.64,0.577,0.08,4.47,3.43
2025-11-23T16:00,afternoon,sarafovo,Сарафово,42.5695,27.521,11.19,0.616,0.083,4.33,4.67
2025-11-23T08:00,morning,central_beach_burgas,Централен плаж Бургас,42.4924,27.4848,11.87,0.554,0.086,4.67,4.24
2025-11-23T16:00,afternoon,central_beach_burgas,Централен плаж Бургас,42.4924,27.4848,12.37,0.56,0.081,4.22,4.97
2025-11-23T08:00,morning,kraimorie,Крайморие,42.4428,27.4686,11.04,0.668,0.105,4.54,2.45
2025-11-23T16:00,afternoon,kraimorie,Крайморие,42.4428,27.4686,11.27,0.666,0.097,4.68,4.06
2025-11-24T08:00,morning,sarafovo,Сарафово,42.5695,27.521,10.6,0.48,0.062,3.59,4.28
2025-11-24T16:00,afternoon,sarafovo,Сарафово,42.5695,27.521,11.93,0.51,0.055,3.59,3.54
2025-11-24T08:00,morning,central_beach_burgas,Централен плаж Бургас,42.4924,27.4848,10.97,0.546,0.07,4.55,2.19
2025-11-24T16:00,afternoon,central_beach_burgas,Централен плаж Бургас,42.4924,27.4848,11.77,0.537,0.064,3.94,3.48
2025-11-24T08:00,morning,kraimorie,Крайморие,42.4428,27.4686,10.33,0.524,0.076,3.36,3.54
2025-11-24T16:00,afternoon,kraimorie,Крайморие,42.4428,27.4686,11.45,0.565,0.078,3.39,3.47
2025-11-25T08:00,morning,sarafovo,Сарафово,42.5695,27.521,9.93,0.436,0.059,3.09,2.73
2025-11-25T16:00,afternoon,sarafovo,Сарафово,42.5695,27.521,11.03,0.454,0.06,2.88,5.03
2025-11-25T08:00,morning,central_beach_burgas,Централен плаж Бургас,42.4924,27.4848,10.91,0.493,0.07,2.95,2.96
2025-11-25T16:00,afternoon,central_beach_burgas,Централен плаж Бургас,42.4924,27.4848,12.24,0.478,0.069,3.14,4.33
2025-11-25T08:00,morning,kraimorie,Крайморие,42.4428,27.4686,10.11,0.499,0.059,3.2,3.39
2025-11-25T16:00,afternoon,kraimorie,Крайморие,42.4428,27.4686,11.3,0.507,0.055,3.41,3.82
2025-11-26T08:00,morning,sarafovo,Сарафово,42.5695,27.521,9.73,0.426,0.063,2.82,3.37
2025-11-26T16:00,afternoon,sarafovo,Сарафово,42.5695,27.521,11.31,0.421,0.057,3.46,3.69
2025-11-26T08:00,morning,central_beach_burgas,Централен плаж Бургас,42.4924,27.4848,9.55,0.452,0.069,3.15,4.32
2025-11-26T16:00,afternoon,central_beach_burgas,Централен плаж Бургас,42.4924,27.4848,11.15,0.443,0.068,2.93,3.81
2025-11-26T08:00,morning,kraimorie,Крайморие,42.4428,27.4686,10.23,0.429,0.059,3.81,3.71
2025-11-26T16:00,afternoon,kraimorie,Крайморие,42.4428,27.4686,11.34,0.421,0.059,3.74,3.68
2025-11-27T08:00,morning,sarafovo,Сарафово,42.5695,27.521,9.29,0.43,0.068,3.82,2.84
2025-11-27T16:00,afternoon,sarafovo,Сарафово,42.5695,27.521,10.89,0.437,0.065,3.97,4.11
2025-11-27T08:00,morning,central_beach_burgas,Централен плаж Бургас,42.4924,27.4848,9.89,0.508,0.066,3.3,3.05
2025-11-27T16:00,afternoon,central_beach_burgas,Централен плаж Бургас,42.4924,27.4848,11.03,0.493,0.066,3.22,3.2
2025-11-27T08:00,morning,kraimorie,Крайморие,42.4428,27.4686,9.71,0.498,0.06,2.48,1.41
2025-11-27T16:00,afternoon,kraimorie,Крайморие,42.4428,27.4686,11.29,0.497,0.058,2.46,2.9
2025-11-28T08:00,morning,sarafovo,Сарафово,42.5695,27.521,10.23,0.464,0.056,2.44,3.34
2025-11-28T16:00,afternoon,sarafovo,Сарафово,42.5695,27.521,10.76,0.459,0.058,2.75,2.61
2025-11-28T08:00,morning,central_beach_burgas,Централен плаж Бургас,42.4924,27.4848,10.25,0.466,0.067,4.04,3.87
2025-11-28T16:00,afternoon,central_beach_burgas,Централен плаж Бургас,42.4924,27.4848,11.07,0.468,0.064,3.69,3.31
2025-11-28T08:00,morning,kraimorie,Крайморие,42.4428,27.4686,9.81,0.502,0.063,3.58,3.39
2025-11-28T16:00,afternoon,kraimorie,Крайморие,42.4428,27.4686,10.66,0.51,0.061,3.72,4.11
2025-11-29T08:00,morning,sarafovo,Сарафово,42.5695,27.521,9.8,0.45,0.055,2.54,3.91
2025-11-29T16:00,afternoon,sarafovo,Сарафово,42.5695,27.521,11.52,0.43,0.053,3.09,2.65
2025-11-29T08:00,morning,central_beach_burgas,Централен плаж Бургас,42.4924,27.4848,9.74,0.515,0.062,2.91,3.74
2025-11-29T16:00,afternoon,central_beach_burgas,Централен плаж Бургас,42.4924,27.4848,11.04,0.499,0.07,3.42,3.24
2025-11-29T08:00,morning,kraimorie,Крайморие,42.4428,27.4686,9.64,0.487,0.074,2.88,3.78
2025-11-29T16:00,afternoon,kraimorie,Крайморие,42.4428,27.4686,10.97,0.473,0.07,2.57,3.24
2025-11-30T08:00,morning,sarafovo,Сарафово,42.5695,27.521,9.67,0.459,0.056,2.98,3.74
2025-11-30T16:00,afternoon,sarafovo,Сарафово,42.5695,27.521,9.92,0.456,0.056,3.25,4.27
2025-11-30T08:00,morning,central_beach_burgas,Централен плаж Бургас,42.4924,27.4848,9.35,0.5,0.077,3.76,2.99
2025-11-30T16:00,afternoon,central_beach_burgas,Централен плаж Бургас,42.4924,27.4848,10.77,0.515,0.077,3.83,2.99
2025-11-30T08:00,morning,kraimorie,Крайморие,42.4428,27.4686,10.28,0.508,0.06,2.34,3.15
2025-11-30T16:00,afternoon,kraimorie,Крайморие,42.4428,27.4686,10.76,0.512,0.066,2.74,3.68
2025-12-01T08:00,morning,sarafovo,Сарафово,42.5695,27.521,8.79,0.454,0.07,3.1,2.92
2025-12-01T16:00,afternoon,sarafovo,Сарафово,42.5695,27.521,10.62,0.439,0.058,3.04,2.04
2025-12-01T08:00,morning,central_beach_burgas,Централен плаж Бургас,42.4924,27.4848,9.7,0.509,0.058,3.62,1.77
2025-12-01T16:00,afternoon,central_beach_burgas,Централен плаж Бургас,42.4924,27.4848,11.08,0.48,0.065,3.41,1.3
2025-12-01T08:00,morning,kraimorie,Крайморие,42.4428,27.4686,9.59,0.467,0.068,3.32,2.17
2025-12-01T16:00,afternoon,kraimorie,Крайморие,42.4428,27.4686,10.66,0.471,0.065,2.41,1.98
2025-12-02T08:00,morning,sarafovo,Сарафово,42.5695,27.521,9.36,0.402,0.068,3.32,0.84
2025-12-02T16:00,afternoon,sarafovo,Сарафово,42.5695,27.521,10.01,0.415,0.068,2.92,2.73
2025-12-02T08:00,morning,central_beach_burgas,Централен плаж Бургас,42.4924,27.4848,9.3,0.491,0.072,3.78,2.61
2025-12-02T16:00,afternoon,central_beach_burgas,Централен плаж Бургас,42.4924,27.4848,11.03,0.496,0.065,3.78,3.48
2025-12-02T08:00,morning,kraimorie,Крайморие,42.4428,27.4686,9.22,0.518,0.063,2.34,2.49
2025-12-02T16:00,afternoon,kraimorie,Крайморие,42.4428,27.4686,10.24,0.524,0.07,2.19,1.22
2025-12-03T08:00,morning,sarafovo,Сарафово,42.5695,27.521,9.1,0.441,0.056,3.58,1.27
2025-12-03T16:00,afternoon,sarafovo,Сарафово,42.5695,27.521,10.02,0.473,0.063,4.02,0.95
2025-12-03T08:00,morning,central_beach_burgas,Централен плаж Бургас,42.4924,27.4848,10.16,0.508,0.078,3.13,2.17
2025-12-03T16:00,afternoon,central_beach_burgas,Централен плаж Бургас,42.4924,27.4848,10.89,0.523,0.077,3.22,3.05
2025-12-03T08:00,morning,kraimorie,Крайморие,42.4428,27.4686,9.15,0.438,0.055,3.54,2.88
2025-12-03T16:00,afternoon,kraimorie,Крайморие,42.4428,27.4686,10.83,0.458,0.059,3.44,1.25
2025-12-04T08:00,morning,sarafovo,Сарафово,42.5695,27.521,8.88,0.435,0.062,3.31,2.09
2025-12-04T16:00,afternoon,sarafovo,Сарафово,42.5695,27.521,9.27,0.434,0.059,3.26,2.64
2025-12-04T08:00,morning,central_beach_burgas,Централен плаж Бургас,42.4924,27.4848,8.98,0.524,0.074,3.44,3.12
2025-12-04T16:00,afternoon,central_beach_burgas,Централен плаж Бургас,42.4924,27.4848,10.09,0.518,0.074,3.32,2.96
2025-12-04T08:00,morning,kraimorie,Крайморие,42.4428,27.4686,8.49,0.47,0.061,2.75,2.37
2025-12-04T16:00,afternoon,kraimorie,Крайморие,42.4428,27.4686,9.96,0.487,0.057,2.79,1.35
2025-12-05T08:00,morning,sarafovo,Сарафово,42.5695,27.521,8.72,0.422,0.062,2.92,2.97
2025-12-05T16:00,afternoon,sarafovo,Сарафово,42.5695,27.521,9.47,0.421,0.063,3.08,1.27
2025-12-05T08:00,morning,central_beach_burgas,Централен плаж Бургас,42.4924,27.4848,9.79,0.475,0.077,2.79,1.77
2025-12-05T16:00,afternoon,central_beach_burgas,Централен плаж Бургас,42.4924,27.4848,9.43,0.497,0.072,2.98,3.07
2025-12-05T08:00,morning,kraimorie,Крайморие,42.4428,27.4686,9.39,0.462,0.062,2.5,2.16
2025-12-05T16:00,afternoon,kraimorie,Крайморие,42.4428,27.4686,10.12,0.443,0.064,2.28,1.45
2025-12-06T08:00,morning,sarafovo,Сарафово,42.5695,27.521,8.58,0.462,0.06,2.98,2.55
2025-12-06T16:00,afternoon,sarafovo,Сарафово,42.5695,27.521,9.17,0.46,0.054,2.73,0.99
2025-12-06T08:00,morning,central_beach_burgas,Централен плаж Бургас,42.4924,27.4848,8.56,0.53,0.067,3.37,0.91
2025-12-06T16:00,afternoon,central_beach_burgas,Централен плаж Бургас,42.4924,27.4848,9.69,0.548,0.069,2.44,2.14
2025-12-06T08:00,morning,kraimorie,Крайморие,42.4428,27.4686,7.84,0.485,0.064,2.61,1.01
2025-12-06T16:00,afternoon,kraimorie,Крайморие,42.4428,27.4686,10.16,0.461,0.055,3.51,1.33
2025-12-07T08:00,morning,sarafovo,Сарафово,42.5695,27.521,7.63,0.471,0.071,2.54,1.45
2025-12-07T16:00,afternoon,sarafovo,Сарафово,42.5695,27.521,10.14,0.479,0.066,2.95,1.78
2025-12-07T08:00,morning,central_beach_burgas,Централен плаж Бургас,42.4924,27.4848,8.47,0.471,0.068,3.6,3.41
2025-12-07T16:00,afternoon,central_beach_burgas,Централен плаж Бургас,42.4924,27.4848,9.47,0.456,0.071,3.5,1.45
2025-12-07T08:00,morning,kraimorie,Крайморие,42.4428,27.4686,8.99,0.493,0.072,3.59,2.86
2025-12-07T16:00,afternoon,kraimorie,Крайморие,42.4428,27.4686,10.59,0.468,0.074,3.48,2.1
2025-12-08T08:00,morning,sarafovo,Сарафово,42.5695,27.521,8.14,0.418,0.062,1.94,0.71
2025-12-08T16:00,afternoon,sarafovo,Сарафово,42.5695,27.521,9.65,0.413,0.065,2.58,2.05
2025-12-08T08:00,morning,central_beach_burgas,Централен плаж Бургас,42.4924,27.4848,8.55,0.558,0.069,3.26,1.81
2025-12-08T16:00,afternoon,central_beach_burgas,Централен плаж Бургас,42.4924,27.4848,9.37,0.54,0.075,3.4,1.82
2025-12-08T08:00,morning,kraimorie,Крайморие,42.4428,27.4686,8.58,0.479,0.064,2.98,0.86
2025-12-08T16:00,afternoon,kraimorie,Крайморие,42.4428,27.4686,9.8,0.481,0.071,2.78,2.46
2025-12-09T08:00,morning,sarafovo,Сарафово,42.5695,27.521,7.53,0.474,0.075,3.88,2.23
2025-12-09T16:00,afternoon,sarafovo,Сарафово,42.5695,27.521,8.68,0.477,0.068,3.65,1.46
2025-12-09T08:00,morning,central_beach_burgas,Централен плаж Бургас,42.4924,27.4848,8.5,0.481,0.057,2.81,1.96
2025-12-09T16:00,afternoon,central_beach_burgas,Централен плаж Бургас,42.4924,27.4848,9.82,0.485,0.068,3.52,2.95
2025-12-09T08:00,morning,kraimorie,Крайморие,42.4428,27.4686,8.62,0.483,0.072,2.92,2.34
2025-12-09T16:00,afternoon,kraimorie,Крайморие,42.4428,27.4686,9.78,0.469,0.069,3.03,2.33
2025-12-10T08:00,morning,sarafovo,Сарафово,42.5695,27.521,8.06,0.473,0.059,3.49,1.05
2025-12-10T16:00,afternoon,sarafovo,Сарафово,42.5695,27.521,8.82,0.51,0.059,3.67,1.69
2025-12-10T08:00,morning,central_beach_burgas,Централен плаж Бургас,42.4924,27.4848,8.39,0.507,0.071,2.75,3.42
2025-12-10T16:00,afternoon,central_beach_burgas,Централен плаж Бургас,42.4924,27.4848,9.91,0.509,0.073,3.22,3.1
2025-12-10T08:00,morning,kraimorie,Крайморие,42.4428,27.4686,7.38,0.448,0.064,3.02,2.89
2025-12-10T16:00,afternoon,kraimorie,Крайморие,42.4428,27.4686,8.54,0.441,0.065,2.86,2.44
2025-12-11T08:00,morning,sarafovo,Сарафово,42.5695,27.521,7.62,0.462,0.066,3.73,1.65
2025-12-11T16:00,afternoon,sarafovo,Сарафово,42.5695,27.521,9.27,0.451,0.065,3.45,2.13
2025-12-11T08:00,morning,central_beach_burgas,Централен плаж Бургас,42.4924,27.4848,8.43,0.516,0.073,2.74,0.4
2025-12-11T16:00,afternoon,central_beach_burgas,Централен плаж Бургас,42.4924,27.4848,9.41,0.498,0.085,2.96,2.03
2025-12-11T08:00,morning,kraimorie,Крайморие,42.4428,27.4686,8.63,0.487,0.069,2.14,1.68
2025-12-11T16:00,afternoon,kraimorie,Крайморие,42.4428,27.4686,9.29,0.488,0.063,2.45,0.9
2025-12-12T08:00,morning,sarafovo,Сарафово,42.5695,27.521,7.7,0.452,0.071,3.46,3.46
2025-12-12T16:00,afternoon,sarafovo,Сарафово,42.5695,27.521,9.42,0.432,0.073,3.68,2.79
2025-12-12T08:00,morning,central_beach_burgas,Централен плаж Бургас,42.4924,27.4848,7.52,0.501,0.072,3.1,2.08
2025-12-12T16:00,afternoon,central_beach_burgas,Централен плаж Бургас,42.4924,27.4848,9.74,0.503,0.071,3.93,1.74
2025-12-12T08:00,morning,kraimorie,Крайморие,42.4428,27.4686,8.29,0.482,0.056,2.78,2.69
2025-12-12T16:00,afternoon,kraimorie,Крайморие,42.4428,27.4686,8.86,0.454,0.065,2.54,1.96
2025-12-13T08:00,morning,sarafovo,Сарафово,42.5695,27.521,7.64,0.472,0.064,3.49,0.94
2025-12-13T16:00,afternoon,sarafovo,Сарафово,42.5695,27.521,9.01,0.463,0.063,3.63,1.99
2025-12-13T08:00,morning,central_beach_burgas,Централен плаж Бургас,42.4924,27.4848,7.86,0.544,0.067,3.41,2.56
2025-12-13T16:00,afternoon,central_beach_burgas,Централен плаж Бургас,42.4924,27.4848,9.2,0.541,0.067,3.67,2.01
2025-12-13T08:00,morning,kraimorie,Крайморие,42.4428,27.4686,7.42,0.451,0.067,2.82,1.61
2025-12-13T16:00,afternoon,kraimorie,Крайморие,42.4428,27.4686,9.61,0.454,0.059,3.3,2.58
2025-12-14T08:00,morning,sarafovo,Сарафово,42.5695,27.521,7.97,0.425,0.071,3.82,2.27
2025-12-14T16:00,afternoon,sarafovo,Сарафово,42.5695,27.521,8.52,0.415,0.066,3.62,1.99
2025-12-14T08:00,morning,central_beach_burgas,Централен плаж Бургас,42.4924,27.4848,8.56,0.441,0.081,2.93,2.39
2025-12-14T16:00,afternoon,central_beach_burgas,Централен плаж Бургас,42.4924,27.4848,9.09,0.489,0.078,2.78,1.77
2025-12-14T08:00,morning,kraimorie,Крайморие,42.4428,27.4686,7.84,0.482,0.073,3.01,0.79
2025-12-14T16:00,afternoon,kraimorie,Крайморие,42.4428,27.4686,8.52,0.491,0.081,2.4,2.92
2025-12-15T08:00,morning,sarafovo,Сарафово,42.5695,27.521,6.83,0.493,0.069,2.78,1.74
2025-12-15T16:00,afternoon,sarafovo,Сарафово,42.5695,27.521,7.84,0.5,0.065,3.02,1.75
2025-12-15T08:00,morning,central_beach_burgas,Централен плаж Бургас,42.4924,27.4848,8.26,0.525,0.076,3.67,2.26
2025-12-15T16:00,afternoon,central_beach_burgas,Централен плаж Бургас,42.4924,27.4848,9.5,0.524,0.069,3.59,2.08
2025-12-15T08:00,morning,kraimorie,Крайморие,42.4428,27.4686,8.13,0.48,0.068,2.44,2.05
2025-12-15T16:00,afternoon,kraimorie,Крайморие,42.4428,27.4686,8.79,0.487,0.066,2.2,2.29
2025-12-16T08:00,morning,sarafovo,Сарафово,42.5695,27.521,7.16,0.467,0.063,2.83,2.05
2025-12-16T16:00,afternoon,sarafovo,Сарафово,42.5695,27.521,8.94,0.46,0.054,3.1,2.75
2025-12-16T08:00,morning,central_beach_burgas,Централен плаж Бургас,42.4924,27.4848,7.28,0.533,0.074,3.46,1.92
2025-12-16T16:00,afternoon,central_beach_burgas,Централен плаж Бургас,42.4924,27.4848,8.68,0.537,0.074,3.04,3.24
2025-12-16T08:00,morning,kraimorie,Крайморие,42.4428,27.4686,6.97,0.478,0.071,2.48,2.64
2025-12-16T16:00,afternoon,kraimorie,Крайморие,42.4428,27.4686,8.56,0.473,0.072,2.81,1.95
2025-12-17T08:00,morning,sarafovo,Сарафово,42.5695,27.521,7.09,0.454,0.061,2.54,2.29
2025-12-17T16:00,afternoon,sarafovo,Сарафово,42.5695,27.521,7.8,0.471,0.07,2.27,2.92
2025-12-17T08:00,morning,central_beach_burgas,Централен плаж Бургас,42.4924,27.4848,7.16,0.504,0.071,3.27,2.2
2025-12-17T16:00,afternoon,central_beach_burgas,Централен плаж Бургас,42.4924,27.4848,8.97,0.519,0.072,2.96,2.58
2025-12-17T08:00,morning,kraimorie,Крайморие,42.4428,27.4686,7.8,0.486,0.067,2.74,1.27
2025-12-17T16:00,afternoon,kraimorie,Крайморие,42.4428,27.4686,7.84,0.464,0.069,2.9,1.72
2025-12-18T08:00,morning,sarafovo,Сарафово,42.5695,27.521,5.35,0.46,0.065,2.17,1.83
2025-12-18T16:00,afternoon,sarafovo,Сарафово,42.5695,27.521,8.98,0.461,0.07,2.54,2.26
2025-12-18T08:00,morning,central_beach_burgas,Централен плаж Бургас,42.4924,27.4848,7.51,0.519,0.085,1.75,1.22
2025-12-18T16:00,afternoon,central_beach_burgas,Централен плаж Бургас,42.4924,27.4848,8.93,0.521,0.08,1.96,1.23
2025-12-18T08:00,morning,kraimorie,Крайморие,42.4428,27.4686,7.63,0.515,0.076,2.17,2.67
2025-12-18T16:00,afternoon,kraimorie,Крайморие,42.4428,27.4686,7.77,0.51,0.071,1.8,2.0
2025-12-19T08:00,morning,sarafovo,Сарафово,42.5695,27.521,7.1,0.453,0.061,2.61,2.86
2025-12-19T16:00,afternoon,sarafovo,Сарафово,42.5695,27.521,8.29,0.457,0.059,2.84,2.02
2025-12-19T08:00,morning,central_beach_burgas,Централен плаж Бургас,42.4924,27.4848,6.85,0.486,0.064,2.6,3.2
2025-12-19T16:00,afternoon,central_beach_burgas,Централен плаж Бургас,42.4924,27.4848,8.93,0.512,0.07,2.37,1.0
2025-12-19T08:00,morning,kraimorie,Крайморие,42.4428,27.4686,7.0,0.47,0.076,2.53,2.25
2025-12-19T16:00,afternoon,kraimorie,Крайморие,42.4428,27.4686,7.97,0.464,0.077,2.6,1.44
2025-12-20T08:00,morning,sarafovo,Сарафово,42.5695,27.521,7.17,0.48,0.063,3.57,1.94
2025-12-20T16:00,afternoon,sarafovo,Сарафово,42.5695,27.521,8.03,0.478,0.061,4.08,1.66
2025-12-20T08:00,morning,central_beach_burgas,Централен плаж Бургас,42.4924,27.4848,7.19,0.554,0.063,2.78,3.0
2025-12-20T16:00,afternoon,central_beach_burgas,Централен плаж Бургас,42.4924,27.4848,8.37,0.524,0.064,3.33,2.24
2025-12-20T08:00,morning,kraimorie,Крайморие,42.4428,27.4686,7.56,0.48,0.067,2.45,1.79
2025-12-20T16:00,afternoon,kraimorie,Крайморие,42.4428,27.4686,7.8,0.461,0.067,3.09,2.5
2025-12-21T08:00,morning,sarafovo,Сарафово,42.5695,27.521,6.22,0.489,0.075,3.8,2.53
2025-12-21T16:00,afternoon,sarafovo,Сарафово,42.5695,27.521,8.04,0.494,0.065,3.71,2.03
2025-12-21T08:00,morning,central_beach_burgas,Централен плаж Бургас,42.4924,27.4848,6.63,0.535,0.075,3.43,1.84
2025-12-21T16:00,afternoon,central_beach_burgas,Централен плаж Бургас,42.4924,27.4848,8.01,0.52,0.08,3.3,2.17
2025-12-21T08:00,morning,kraimorie,Крайморие,42.4428,27.4686,6.95,0.48,0.067,2.65,0.99
2025-12-21T16:00,afternoon,kraimorie,Крайморие,42.4428,27.4686,7.79,0.5,0.072,3.74,2.1
2025-12-22T08:00,morning,sarafovo,Сарафово,42.5695,27.521,7.08,0.435,0.051,3.26,1.95
2025-12-22T16:00,afternoon,sarafovo,Сарафово,42.5695,27.521,8.15,0.438,0.05,3.83,2.06
2025-12-22T08:00,morning,central_beach_burgas,Централен плаж Бургас,42.4924,27.4848,7.21,0.502,0.07,3.81,1.77
2025-12-22T16:00,afternoon,central_beach_burgas,Централен плаж Бургас,42.4924,27.4848,7.73,0.518,0.073,4.0,3.23
2025-12-22T08:00,morning,kraimorie,Крайморие,42.4428,27.4686,6.59,0.472,0.079,2.3,0.91
2025-12-22T16:00,afternoon,kraimorie,Крайморие,42.4428,27.4686,7.76,0.474,0.071,1.87,1.18
2025-12-23T08:00,morning,sarafovo,Сарафово,42.5695,27.521,7.17,0.463,0.064,3.78,2.65
2025-12-23T16:00,afternoon,sarafovo,Сарафово,42.5695,27.521,7.43,0.487,0.064,3.64,3.01
2025-12-23T08:00,morning,central_beach_burgas,Централен плаж Бургас,42.4924,27.4848,7.3,0.527,0.075,3.21,2.26
2025-12-23T16:00,afternoon,central_beach_burgas,Централен плаж Бургас,42.4924,27.4848,8.06,0.5,0.081,3.13,2.89
2025-12-23T08:00,morning,kraimorie,Крайморие,42.4428,27.4686,7.35,0.521,0.071,2.84,2.42
2025-12-23T16:00,afternoon,kraimorie,Крайморие,42.4428,27.4686,8.21,0.531,0.074,3.25,1.19
2025-12-24T08:00,morning,sarafovo,Сарафово,42.5695,27.521,6.55,0.454,0.063,3.96,1.35
2025-12-24T16:00,afternoon,sarafovo,Сарафово,42.5695,27.521,7.69,0.463,0.065,4.08,2.17
2025-12-24T08:00,morning,central_beach_burgas,Централен плаж Бургас,42.4924,27.4848,6.98,0.494,0.072,2.68,0.83
2025-12-24T16:00,afternoon,central_beach_burgas,Централен плаж Бургас,42.4924,27.4848,8.0,0.501,0.081,3.14,0.88
2025-12-24T08:00,morning,kraimorie,Крайморие,42.4428,27.4686,6.39,0.474,0.071,3.06,2.75
2025-12-24T16:00,afternoon,kraimorie,Крайморие,42.4428,27.4686,7.6,0.48,0.064,3.03,1.48
2025-12-25T08:00,morning,sarafovo,Сарафово,42.5695,27.521,6.47,0.486,0.054,3.59,3.07
2025-12-25T16:00,afternoon,sarafovo,Сарафово,42.5695,27.521,7.35,0.484,0.051,2.98,2.02
2025-12-25T08:00,morning,central_beach_burgas,Централен плаж Бургас,42.4924,27.4848,7.33,0.562,0.071,2.55,1.55
2025-12-25T16:00,afternoon,central_beach_burgas,Централен плаж Бургас,42.4924,27.4848,7.6,0.567,0.078,2.76,2.96
2025-12-25T08:00,morning,kraimorie,Крайморие,42.4428,27.4686,6.55,0.485,0.08,2.62,1.04
2025-12-25T16:00,afternoon,kraimorie,Крайморие,42.4428,27.4686,8.77,0.472,0.081,2.32,1.58
2025-12-26T08:00,morning,sarafovo,Сарафово,42.5695,27.521,6.45,0.45,0.065,2.31,0.4
2025-12-26T16:00,afternoon,sarafovo,Сарафово,42.5695,27.521,7.24,0.448,0.062,2.76,0.4
2025-12-26T08:00,morning,central_beach_burgas,Централен плаж Бургас,42.4924,27.4848,7.1,0.511,0.078,2.51,1.53
2025-12-26T16:00,afternoon,central_beach_burgas,Централен плаж Бургас,42.4924,27.4848,7.77,0.516,0.077,2.62,1.83
2025-12-26T08:00,morning,kraimorie,Крайморие,42.4428,27.4686,5.73,0.508,0.065,3.52,0.4
2025-12-26T16:00,afternoon,kraimorie,Крайморие,42.4428,27.4686,7.78,0.532,0.064,3.2,1.45
2025-12-27T08:00,morning,sarafovo,Сарафово,42.5695,27.521,6.12,0.498,0.072,3.3,2.95
2025-12-27T16:00,afternoon,sarafovo,Сарафово,42.5695,27.521,6.72,0.503,0.073,2.99,1.82
2025-12-27T08:00,morning,central_beach_burgas,Централен плаж Бургас,42.4924,27.4848,6.13,0.58,0.072,3.94,1.4
2025-12-27T16:00,afternoon,central_beach_burgas,Централен плаж Бургас,42.4924,27.4848,7.92,0.588,0.072,4.4,1.82
2025-12-27T08:00,morning,kraimorie,Крайморие,42.4428,27.4686,6.85,0.519,0.065,3.06,1.72
2025-12-27T16:00,afternoon,kraimorie,Крайморие,42.4428,27.4686,7.32,0.503,0.073,3.02,0.93
2025-12-28T08:00,morning,sarafovo,Сарафово,42.5695,27.521,6.72,0.448,0.063,3.31,1.87
2025-12-28T16:00,afternoon,sarafovo,Сарафово,42.5695,27.521,7.69,0.442,0.071,2.97,0.51
2025-12-28T08:00,morning,central_beach_burgas,Централен плаж Бургас,42.4924,27.4848,6.49,0.566,0.068,1.8,2.23
2025-12-28T16:00,afternoon,central_beach_burgas,Централен плаж Бургас,42.4924,27.4848,8.33,0.541,0.067,2.51,2.74
2025-12-28T08:00,morning,kraimorie,Крайморие,42.4428,27.4686,5.97,0.498,0.065,2.8,2.25
2025-12-28T16:00,afternoon,kraimorie,Крайморие,42.4428,27.4686,6.76,0.493,0.062,2.92,2.2
2025-12-29T08:00,morning,sarafovo,Сарафово,42.5695,27.521,6.22,0.464,0.07,3.36,2.54
2025-12-29T16:00,afternoon,sarafovo,Сарафово,42.5695,27.521,7.02,0.464,0.077,3.74,1.71
2025-12-29T08:00,morning,central_beach_burgas,Централен плаж Бургас,42.4924,27.4848,6.49,0.542,0.079,3.67,2.22
2025-12-29T16:00,afternoon,central_beach_burgas,Централен плаж Бургас,42.4924,27.4848,7.63,0.542,0.076,3.39,1.65
2025-12-29T08:00,morning,kraimorie,Крайморие,42.4428,27.4686,6.02,0.443,0.068,3.43,1.98
2025-12-29T16:00,afternoon,kraimorie,Крайморие,42.4428,27.4686,8.15,0.462,0.069,2.71,1.85
2025-12-30T08:00,morning,sarafovo,Сарафово,42.5695,27.521,6.0,0.439,0.064,3.66,1.71
2025-12-30T16:00,afternoon,sarafovo,Сарафово,42.5695,27.521,7.52,0.464,0.06,3.77,3.47
2025-12-30T08:00,morning,central_beach_burgas,Централен плаж Бургас,42.4924,27.4848,5.66,0.54,0.08,3.35,3.06
2025-12-30T16:00,afternoon,central_beach_burgas,Централен плаж Бургас,42.4924,27.4848,7.06,0.531,0.085,3.11,2.49
2025-12-30T08:00,morning,kraimorie,Крайморие,42.4428,27.4686,5.85,0.465,0.063,2.26,2.97
2025-12-30T16:00,afternoon,kraimorie,Крайморие,42.4428,27.4686,6.9,0.505,0.07,2.87,2.43
2025-12-31T08:00,morning,sarafovo,Сарафово,42.5695,27.521,7.03,0.48,0.052,3.22,2.03
2025-12-31T16:00,afternoon,sarafovo,Сарафово,42.5695,27.521,7.06,0.462,0.059,2.91,1.34
2025-12-31T08:00,morning,central_beach_burgas,Централен плаж Бургас,42.4924,27.4848,5.83,0.543,0.071,3.66,2.28
2025-12-31T16:00,afternoon,central_beach_burgas,Централен плаж Бургас,42.4924,27.4848,7.58,0.559,0.073,3.8,2.09
2025-12-31T08:00,morning,kraimorie,Крайморие,42.4428,27.4686,5.91,0.52,0.073,3.48,2.05
2025-12-31T16:00,afternoon,kraimorie,Крайморие,42.4428,27.4686,6.0,0.554,0.078,2.72,2.14
2026-01-01T08:00,morning,sarafovo,Сарафово,42.5695,27.521,5.75,0.454,0.068,2.27,2.25
2026-01-01T16:00,afternoon,sarafovo,Сарафово,42.5695,27.521,7.4,0.457,0.061,2.67,2.65
2026-01-01T08:00,morning,central_beach_burgas,Централен плаж Бургас,42.4924,27.4848,5.99,0.553,0.077,3.3,1.63
2026-01-01T16:00,afternoon,central_beach_burgas,Централен плаж Бургас,42.4924,27.4848,7.71,0.541,0.076,2.99,1.0
2026-01-01T08:00,morning,kraimorie,Крайморие,42.4428,27.4686,5.69,0.519,0.071,2.44,1.99
2026-01-01T16:00,afternoon,kraimorie,Крайморие,42.4428,27.4686,7.11,0.483,0.068,3.02,1.4
2026-01-02T08:00,morning,sarafovo,Сарафово,42.5695,27.521,5.79,0.476,0.06,3.14,1.82
2026-01-02T16:00,afternoon,sarafovo,Сарафово,42.5695,27.521,7.06,0.454,0.067,3.67,1.33
2026-01-02T08:00,morning,central_beach_burgas,Централен плаж Бургас,42.4924,27.4848,5.44,0.513,0.07,3.61,2.75
2026-01-02T16:00,afternoon,central_beach_burgas,Централен плаж Бургас,42.4924,27.4848,6.84,0.515,0.077,4.33,3.54
2026-01-02T08:00,morning,kraimorie,Крайморие,42.4428,27.4686,5.28,0.491,0.074,3.85,2.08
2026-01-02T16:00,afternoon,kraimorie,Крайморие,42.4428,27.4686,7.45,0.502,0.066,3.4,2.2
2026-01-03T08:00,morning,sarafovo,Сарафово,42.5695,27.521,5.18,0.474,0.061,2.49,1.88
2026-01-03T16:00,afternoon,sarafovo,Сарафово,42.5695,27.521,6.67,0.452,0.065,3.17,2.42
2026-01-03T08:00,morning,central_beach_burgas,Централен плаж Бургас,42.4924,27.4848,6.28,0.558,0.076,3.25,1.54
2026-01-03T16:00,afternoon,central_beach_burgas,Централен плаж Бургас,42.4924,27.4848,6.65,0.564,0.082,2.59,2.38
2026-01-03T08:00,morning,kraimorie,Крайморие,42.4428,27.4686,5.55,0.516,0.058,4.02,2.59
2026-01-03T16:00,afternoon,kraimorie,Крайморие,42.4428,27.4686,6.85,0.506,0.061,4.44,2.47
2026-01-04T08:00,morning,sarafovo,Сарафово,42.5695,27.521,5.02,0.515,0.06,1.65,3.06
2026-01-04T16:00,afternoon,sarafovo,Сарафово,42.5695,27.521,6.09,0.502,0.064,1.31,1.67
2026-01-04T08:00,morning,central_beach_burgas,Централен плаж Бургас,42.4924,27.4848,5.56,0.525,0.073,2.89,2.97
2026-01-04T16:00,afternoon,central_beach_burgas,Централен плаж Бургас,42.4924,27.4848,6.34,0.548,0.076,3.36,3.2
2026-01-04T08:00,morning,kraimorie,Крайморие,42.4428,27.4686,5.02,0.507,0.075,3.91,3.07
2026-01-04T16:00,afternoon,kraimorie,Крайморие,42.4428,27.4686,5.99,0.482,0.069,4.22,1.29
2026-01-05T08:00,morning,sarafovo,Сарафово,42.5695,27.521,5.01,0.519,0.064,2.12,1.28
2026-01-05T16:00,afternoon,sarafovo,Сарафово,42.5695,27.521,6.08,0.492,0.067,3.04,1.59
2026-01-05T08:00,morning,central_beach_burgas,Централен плаж Бургас,42.4924,27.4848,6.03,0.539,0.077,3.29,2.2
2026-01-05T16:00,afternoon,central_beach_burgas,Централен плаж Бургас,42.4924,27.4848,7.49,0.523,0.071,2.77,2.09
2026-01-05T08:00,morning,kraimorie,Крайморие,42.4428,27.4686,5.51,0.48,0.077,2.49,2.08
2026-01-05T16:00,afternoon,kraimorie,Крайморие,42.4428,27.4686,6.88,0.469,0.071,3.18,0.73
2026-01-06T08:00,morning,sarafovo,Сарафово,42.5695,27.521,5.31,0.483,0.066,3.92,3.34
2026-01-06T16:00,afternoon,sarafovo,Сарафово,42.5695,27.521,7.14,0.467,0.068,3.06,2.36
2026-01-06T08:00,morning,central_beach_burgas,Централен плаж Бургас,42.4924,27.4848,5.86,0.509,0.075,2.9,1.07
2026-01-06T16:00,afternoon,central_beach_burgas,Централен плаж Бургас,42.4924,27.4848,6.99,0.545,0.073,2.85,0.59
2026-01-06T08:00,morning,kraimorie,Крайморие,42.4428,27.4686,6.19,0.514,0.068,2.88,1.1
2026-01-06T16:00,afternoon,kraimorie,Крайморие,42.4428,27.4686,7.32,0.497,0.074,2.04,2.3
2026-01-07T08:00,morning,sarafovo,Сарафово,42.5695,27.521,5.73,0.472,0.068,2.49,1.36
2026-01-07T16:00,afternoon,sarafovo,Сарафово,42.5695,27.521,6.3,0.488,0.071,2.62,2.84
2026-01-07T08:00,morning,central_beach_burgas,Централен плаж Бургас,42.4924,27.4848,5.3,0.5,0.075,2.75,1.61
2026-01-07T16:00,afternoon,central_beach_burgas,Централен плаж Бургас,42.4924,27.4848,6.6,0.535,0.08,2.29,2.38
2026-01-07T08:00,morning,kraimorie,Крайморие,42.4428,27.4686,5.23,0.487,0.075,2.64,3.13
2026-01-07T16:00,afternoon,kraimorie,Крайморие,42.4428,27.4686,6.31,0.479,0.074,2.13,2.39
2026-01-08T08:00,morning,sarafovo,Сарафово,42.5695,27.521,4.64,0.495,0.08,3.39,1.63
2026-01-08T16:00,afternoon,sarafovo,Сарафово,42.5695,27.521,6.39,0.467,0.077,2.89,1.91
2026-01-08T08:00,morning,central_beach_burgas,Централен плаж Бургас,42.4924,27.4848,4.92,0.53,0.072,2.29,0.84
2026-01-08T16:00,afternoon,central_beach_burgas,Централен плаж Бургас,42.4924,27.4848,5.32,0.547,0.07,2.33,0.54
2026-01-08T08:00,morning,kraimorie,Крайморие,42.4428,27.4686,5.39,0.513,0.067,3.1,1.61
2026-01-08T16:00,afternoon,kraimorie,Крайморие,42.4428,27.4686,6.72,0.531,0.063,3.37,1.33
2026-01-09T08:00,morning,sarafovo,Сарафово,42.5695,27.521,5.69,0.48,0.065,3.19,2.97
2026-01-09T16:00,afternoon,sarafovo,Сарафово,42.5695,27.521,6.84,0.431,0.071,2.91,3.26
2026-01-09T08:00,morning,central_beach_burgas,Централен плаж Бургас,42.4924,27.4848,5.67,0.539,0.082,4.11,2.36
2026-01-09T16:00,afternoon,central_beach_burgas,Централен плаж Бургас,42.4924,27.4848,6.16,0.538,0.081,4.26,3.33
2026-01-09T08:00,morning,kraimorie,Крайморие,42.4428,27.4686,5.25,0.508,0.075,2.99,2.53
2026-01-09T16:00,afternoon,kraimorie,Крайморие,42.4428,27.4686,6.39,0.488,0.074,2.85,2.77
2026-01-10T08:00,morning,sarafovo,Сарафово,42.5695,27.521,4.92,0.456,0.069,3.25,2.43
2026-01-10T16:00,afternoon,sarafovo,Сарафово,42.5695,27.521,6.05,0.467,0.069,3.55,1.8
2026-01-10T08:00,morning,central_beach_burgas,Централен плаж Бургас,42.4924,27.4848,5.07,0.532,0.071,3.95,1.35
2026-01-10T16:00,afternoon,central_beach_burgas,Централен плаж Бургас,42.4924,27.4848,6.54,0.528,0.077,3.62,1.68
2026-01-10T08:00,morning,kraimorie,Крайморие,42.4428,27.4686,5.21,0.515,0.069,3.56,1.42
2026-01-10T16:00,afternoon,kraimorie,Крайморие,42.4428,27.4686,5.89,0.509,0.069,3.96,1.56
2026-01-11T08:00,morning,sarafovo,Сарафово,42.5695,27.521,4.78,0.481,0.072,2.68,1.92
2026-01-11T16:00,afternoon,sarafovo,Сарафово,42.5695,27.521,5.97,0.475,0.068,3.16,2.11
2026-01-11T08:00,morning,central_beach_burgas,Централен плаж Бургас,42.4924,27.4848,6.13,0.54,0.066,2.78,2.38
2026-01-11T16:00,afternoon,central_beach_burgas,Централен плаж Бургас,42.4924,27.4848,7.2,0.542,0.072,3.24,2.92
2026-01-11T08:00,morning,kraimorie,Крайморие,42.4428,27.4686,4.89,0.454,0.072,2.77,2.91
2026-01-11T16:00,afternoon,kraimorie,Крайморие,42.4428,27.4686,6.91,0.453,0.07,3.15,2.76
2026-01-12T08:00,morning,sarafovo,Сарафово,42.5695,27.521,5.24,0.461,0.067,2.69,1.75
2026-01-12T16:00,afternoon,sarafovo,Сарафово,42.5695,27.521,5.86,0.474,0.065,3.12,1.94
2026-01-12T08:00,morning,central_beach_burgas,Централен плаж Бургас,42.4924,27.4848,5.39,0.529,0.069,3.03,1.6
2026-01-12T16:00,afternoon,central_beach_burgas,Централен плаж Бургас,42.4924,27.4848,6.57,0.524,0.072,2.48,1.93
2026-01-12T08:00,morning,kraimorie,Крайморие,42.4428,27.4686,4.73,0.522,0.062,2.79,2.46
2026-01-12T16:00,afternoon,kraimorie,Крайморие,42.4428,27.4686,6.19,0.558,0.06,3.19,2.75
2026-01-13T08:00,morning,sarafovo,Сарафово,42.5695,27.521,4.58,0.481,0.079,3.45,2.46
2026-01-13T16:00,afternoon,sarafovo,Сарафово,42.5695,27.521,6.78,0.486,0.079,3.31,3.31
2026-01-13T08:00,morning,central_beach_burgas,Централен плаж Бургас,42.4924,27.4848,5.31,0.581,0.096,3.44,2.38
2026-01-13T16:00,afternoon,central_beach_burgas,Централен плаж Бургас,42.4924,27.4848,5.19,0.594,0.092,3.42,2.48
2026-01-13T08:00,morning,kraimorie,Крайморие,42.4428,27.4686,5.35,0.524,0.085,3.58,1.01
2026-01-13T16:00,afternoon,kraimorie,Крайморие,42.4428,27.4686,6.44,0.537,0.076,3.79,1.89
2026-01-14T08:00,morning,sarafovo,Сарафово,42.5695,27.521,5.13,0.614,0.094,4.66,2.38
2026-01-14T16:00,afternoon,sarafovo,Сарафово,42.5695,27.521,6.15,0.602,0.093,4.29,1.0
2026-01-14T08:00,morning,central_beach_burgas,Централен плаж Бургас,42.4924,27.4848,4.81,0.818,0.126,4.94,3.12
2026-01-14T16:00,afternoon,central_beach_burgas,Централен плаж Бургас,42.4924,27.4848,6.4,0.805,0.12,4.66,2.36
2026-01-14T08:00,morning,kraimorie,Крайморие,42.4428,27.4686,5.18,0.633,0.089,3.87,2.8
2026-01-14T16:00,afternoon,kraimorie,Крайморие,42.4428,27.4686,6.54,0.613,0.094,4.66,2.03
2026-01-15T08:00,morning,sarafovo,Сарафово,42.5695,27.521,4.73,0.873,0.123,5.69,0.93
2026-01-15T16:00,afternoon,sarafovo,Сарафово,42.5695,27.521,5.71,0.863,0.13,5.41,1.02
2026-01-15T08:00,morning,central_beach_burgas,Централен плаж Бургас,42.4924,27.4848,5.69,1.04,0.151,6.1,3.33
2026-01-15T16:00,afternoon,central_beach_burgas,Централен плаж Бургас,42.4924,27.4848,7.11,0.996,0.154,6.17,2.46
2026-01-15T08:00,morning,kraimorie,Крайморие,42.4428,27.4686,4.57,0.814,0.117,5.95,2.59
2026-01-15T16:00,afternoon,kraimorie,Крайморие,42.4428,27.4686,6.11,0.819,0.125,6.12,2.03
2026-01-16T08:00,morning,sarafovo,Сарафово,42.5695,27.521,5.06,0.93,0.135,5.26,2.63
2026-01-16T16:00,afternoon,sarafovo,Сарафово,42.5695,27.521,6.52,0.962,0.141,5.52,2.47
2026-01-16T08:00,morning,central_beach_burgas,Централен плаж Бургас,42.4924,27.4848,5.49,1.061,0.164,7.13,1.6
2026-01-16T16:00,afternoon,central_beach_burgas,Централен плаж Бургас,42.4924,27.4848,6.7,1.038,0.165,7.27,1.86
2026-01-16T08:00,morning,kraimorie,Крайморие,42.4428,27.4686,4.23,1.008,0.147,6.5,0.79
2026-01-16T16:00,afternoon,kraimorie,Крайморие,42.4428,27.4686,5.84,1.015,0.149,6.43,1.59
2026-01-17T08:00,morning,sarafovo,Сарафово,42.5695,27.521,5.13,0.846,0.132,5.84,2.66
2026-01-17T16:00,afternoon,sarafovo,Сарафово,42.5695,27.521,6.5,0.831,0.126,5.49,2.61
2026-01-17T08:00,morning,central_beach_burgas,Централен плаж Бургас,42.4924,27.4848,4.64,0.814,0.127,4.97,2.01
2026-01-17T16:00,afternoon,central_beach_burgas,Централен плаж Бургас,42.4924,27.4848,5.87,0.848,0.126,5.63,2.9
2026-01-17T08:00,morning,kraimorie,Крайморие,42.4428,27.4686,5.01,0.93,0.133,5.37,1.45
2026-01-17T16:00,afternoon,kraimorie,Крайморие,42.4428,27.4686,6.69,0.93,0.137,6.46,3.29
2026-01-18T08:00,morning,sarafovo,Сарафово,42.5695,27.521,5.0,0.64,0.092,4.93,1.25
2026-01-18T16:00,afternoon,sarafovo,Сарафово,42.5695,27.521,6.47,0.662,0.084,4.86,1.75
2026-01-18T08:00,morning,central_beach_burgas,Централен плаж Бургас,42.4924,27.4848,3.69,0.654,0.098,3.74,2.03
2026-01-18T16:00,afternoon,central_beach_burgas,Централен плаж Бургас,42.4924,27.4848,5.9,0.674,0.097,4.16,1.21
2026-01-18T08:00,morning,kraimorie,Крайморие,42.4428,27.4686,5.4,0.676,0.109,4.4,1.88
2026-01-18T16:00,afternoon,kraimorie,Крайморие,42.4428,27.4686,6.57,0.682,0.101,4.19,2.79
2026-01-19T08:00,morning,sarafovo,Сарафово,42.5695,27.521,5.34,0.513,0.078,4.22,2.13
2026-01-19T16:00,afternoon,sarafovo,Сарафово,42.5695,27.521,6.54,0.53,0.075,4.25,1.55
2026-01-19T08:00,morning,central_beach_burgas,Централен плаж Бургас,42.4924,27.4848,3.94,0.584,0.083,3.48,1.98
2026-01-19T16:00,afternoon,central_beach_burgas,Централен плаж Бургас,42.4924,27.4848,6.48,0.538,0.078,3.52,1.91
2026-01-19T08:00,morning,kraimorie,Крайморие,42.4428,27.4686,4.89,0.577,0.072,3.56,2.86
2026-01-19T16:00,afternoon,kraimorie,Крайморие,42.4428,27.4686,6.1,0.564,0.073,3.92,1.85
2026-01-20T08:00,morning,sarafovo,Сарафово,42.5695,27.521,5.15,0.466,0.067,2.74,1.01
2026-01-20T16:00,afternoon,sarafovo,Сарафово,42.5695,27.521,5.77,0.496,0.066,2.43,1.91
2026-01-20T08:00,morning,central_beach_burgas,Централен плаж Бургас,42.4924,27.4848,6.01,0.56,0.074,3.92,2.75
2026-01-20T16:00,afternoon,central_beach_burgas,Централен плаж Бургас,42.4924,27.4848,6.67,0.594,0.077,3.8,1.65
2026-01-20T08:00,morning,kraimorie,Крайморие,42.4428,27.4686,4.64,0.541,0.065,2.53,3.16
2026-01-20T16:00,afternoon,kraimorie,Крайморие,42.4428,27.4686,6.45,0.561,0.074,3.44,0.74
2026-01-21T08:00,morning,sarafovo,Сарафово,42.5695,27.521,4.95,0.454,0.06,2.06,1.19
2026-01-21T16:00,afternoon,sarafovo,Сарафово,42.5695,27.521,5.75,0.45,0.058,2.65,1.1
2026-01-21T08:00,morning,central_beach_burgas,Централен плаж Бургас,42.4924,27.4848,4.76,0.551,0.071,2.91,1.19
2026-01-21T16:00,afternoon,central_beach_burgas,Централен плаж Бургас,42.4924,27.4848,6.47,0.548,0.07,3.5,2.0
2026-01-21T08:00,morning,kraimorie,Крайморие,42.4428,27.4686,5.11,0.522,0.072,3.25,1.31
2026-01-21T16:00,afternoon,kraimorie,Крайморие,42.4428,27.4686,5.66,0.52,0.068,4.05,2.57
2026-01-22T08:00,morning,sarafovo,Сарафово,42.5695,27.521,4.63,0.47,0.068,3.56,2.0
2026-01-22T16:00,afternoon,sarafovo,Сарафово,42.5695,27.521,5.38,0.481,0.069,3.55,2.31
2026-01-22T08:00,morning,central_beach_burgas,Централен плаж Бургас,42.4924,27.4848,5.73,0.557,0.072,3.23,2.07
2026-01-22T16:00,afternoon,central_beach_burgas,Централен плаж Бургас,42.4924,27.4848,6.58,0.559,0.081,2.75,3.04
2026-01-22T08:00,morning,kraimorie,Крайморие,42.4428,27.4686,4.18,0.486,0.064,2.76,2.12
2026-01-22T16:00,afternoon,kraimorie,Крайморие,42.4428,27.4686,6.3,0.486,0.055,2.05,1.95
2026-01-23T08:00,morning,sarafovo,Сарафово,42.5695,27.521,4.2,0.478,0.072,2.11,1.72
2026-01-23T16:00,afternoon,sarafovo,Сарафово,42.5695,27.521,5.66,0.474,0.067,2.93,2.13
2026-01-23T08:00,morning,central_beach_burgas,Централен плаж Бургас,42.4924,27.4848,5.38,0.526,0.077,3.07,2.77
2026-01-23T16:00,afternoon,central_beach_burgas,Централен плаж Бургас,42.4924,27.4848,5.98,0.508,0.073,3.27,1.8
2026-01-23T08:00,morning,kraimorie,Крайморие,42.4428,27.4686,5.0,0.497,0.068,3.28,1.07
2026-01-23T16:00,afternoon,kraimorie,Крайморие,42.4428,27.4686,5.9,0.442,0.067,3.37,2.19
2026-01-24T08:00,morning,sarafovo,Сарафово,42.5695,27.521,4.27,0.467,0.072,2.32,1.25
2026-01-24T16:00,afternoon,sarafovo,Сарафово,42.5695,27.521,5.95,0.46,0.066,2.34,0.4
2026-01-24T08:00,morning,central_beach_burgas,Централен плаж Бургас,42.4924,27.4848,4.85,0.538,0.066,1.96,3.88
2026-01-24T16:00,afternoon,central_beach_burgas,Централен плаж Бургас,42.4924,27.4848,6.54,0.577,0.076,2.06,2.04
2026-01-24T08:00,morning,kraimorie,Крайморие,42.4428,27.4686,4.85,0.506,0.072,4.41,1.88
2026-01-24T16:00,afternoon,kraimorie,Крайморие,42.4428,27.4686,6.64,0.508,0.067,4.44,1.5
2026-01-25T08:00,morning,sarafovo,Сарафово,42.5695,27.521,4.81,0.505,0.07,2.32,1.65
2026-01-25T16:00,afternoon,sarafovo,Сарафово,42.5695,27.521,5.94,0.467,0.068,2.27,2.82
2026-01-25T08:00,morning,central_beach_burgas,Централен плаж Бургас,42.4924,27.4848,5.08,0.518,0.073,3.53,1.8
2026-01-25T16:00,afternoon,central_beach_burgas,Централен плаж Бургас,42.4924,27.4848,6.5,0.531,0.078,4.06,3.29
2026-01-25T08:00,morning,kraimorie,Крайморие,42.4428,27.4686,5.36,0.503,0.072,3.01,1.85
2026-01-25T16:00,afternoon,kraimorie,Крайморие,42.4428,27.4686,6.74,0.497,0.077,3.8,1.69
2026-01-26T08:00,morning,sarafovo,Сарафово,42.5695,27.521,4.95,0.502,0.052,2.83,0.95
2026-01-26T16:00,afternoon,sarafovo,Сарафово,42.5695,27.521,5.4,0.503,0.049,2.07,2.2
2026-01-26T08:00,morning,central_beach_burgas,Централен плаж Бургас,42.4924,27.4848,4.81,0.58,0.083,3.98,2.19
2026-01-26T16:00,afternoon,central_beach_burgas,Централен плаж Бургас,42.4924,27.4848,6.83,0.567,0.077,4.17,1.45
2026-01-26T08:00,morning,kraimorie,Крайморие,42.4428,27.4686,5.13,0.528,0.061,3.32,1.69
2026-01-26T16:00,afternoon,kraimorie,Крайморие,42.4428,27.4686,6.13,0.506,0.064,3.84,3.11
2026-01-27T08:00,morning,sarafovo,Сарафово,42.5695,27.521,5.25,0.47,0.065,2.73,1.53
2026-01-27T16:00,afternoon,sarafovo,Сарафово,42.5695,27.521,6.1,0.466,0.068,3.15,1.45
2026-01-27T08:00,morning,central_beach_burgas,Централен плаж Бургас,42.4924,27.4848,5.59,0.528,0.073,3.16,1.22
2026-01-27T16:00,afternoon,central_beach_burgas,Централен плаж Бургас,42.4924,27.4848,6.5,0.52,0.085,3.73,1.86
2026-01-27T08:00,morning,kraimorie,Крайморие,42.4428,27.4686,4.06,0.521,0.057,3.13,2.53
2026-01-27T16:00,afternoon,kraimorie,Крайморие,42.4428,27.4686,5.57,0.503,0.061,2.64,2.4
2026-01-28T08:00,morning,sarafovo,Сарафово,42.5695,27.521,4.82,0.481,0.081,2.97,2.76
2026-01-28T16:00,afternoon,sarafovo,Сарафово,42.5695,27.521,5.81,0.504,0.078,2.55,3.58
2026-01-28T08:00,morning,central_beach_burgas,Централен плаж Бургас,42.4924,27.4848,5.77,0.501,0.079,3.96,2.42
2026-01-28T16:00,afternoon,central_beach_burgas,Централен плаж Бургас,42.4924,27.4848,6.33,0.505,0.07,3.75,2.18
2026-01-28T08:00,morning,kraimorie,Крайморие,42.4428,27.4686,5.23,0.521,0.068,3.41,3.17
2026-01-28T16:00,afternoon,kraimorie,Крайморие,42.4428,27.4686,6.72,0.501,0.069,3.92,1.15
2026-01-29T08:00,morning,sarafovo,Сарафово,42.5695,27.521,4.41,0.453,0.078,2.66,2.45
2026-01-29T16:00,afternoon,sarafovo,Сарафово,42.5695,27.521,5.62,0.473,0.071,2.85,1.29
2026-01-29T08:00,morning,central_beach_burgas,Централен плаж Бургас,42.4924,27.4848,4.75,0.509,0.073,1.67,0.91
2026-01-29T16:00,afternoon,central_beach_burgas,Централен плаж Бургас,42.4924,27.4848,5.81,0.505,0.081,2.08,2.31
2026-01-29T08:00,morning,kraimorie,Крайморие,42.4428,27.4686,4.65,0.532,0.079,3.35,0.69
2026-01-29T16:00,afternoon,kraimorie,Крайморие,42.4428,27.4686,5.6,0.499,0.07,3.66,0.4
2026-01-30T08:00,morning,sarafovo,Сарафово,42.5695,27.521,5.15,0.473,0.07,3.6,1.35
2026-01-30T16:00,afternoon,sarafovo,Сарафово,42.5695,27.521,6.87,0.485,0.072,3.3,1.8
2026-01-30T08:00,morning,central_beach_burgas,Централен плаж Бургас,42.4924,27.4848,5.02,0.494,0.074,3.34,2.67
2026-01-30T16:00,afternoon,central_beach_burgas,Централен плаж Бургас,42.4924,27.4848,5.95,0.515,0.08,3.62,2.09
2026-01-30T08:00,morning,kraimorie,Крайморие,42.4428,27.4686,4.87,0.475,0.087,2.3,2.42
2026-01-30T16:00,afternoon,kraimorie,Крайморие,42.4428,27.4686,6.06,0.478,0.08,2.69,2.9
2026-01-31T08:00,morning,sarafovo,Сарафово,42.5695,27.521,5.12,0.504,0.064,2.08,0.55
2026-01-31T16:00,afternoon,sarafovo,Сарафово,42.5695,27.521,6.53,0.485,0.073,2.31,1.1
2026-01-31T08:00,morning,central_beach_burgas,Централен плаж Бургас,42.4924,27.4848,5.45,0.536,0.074,2.94,0.69
2026-01-31T16:00,afternoon,central_beach_burgas,Централен плаж Бургас,42.4924,27.4848,5.41,0.549,0.08,3.1,2.24
2026-01-31T08:00,morning,kraimorie,Крайморие,42.4428,27.4686,4.89,0.477,0.055,2.5,1.24
2026-01-31T16:00,afternoon,kraimorie,Крайморие,42.4428,27.4686,6.18,0.477,0.065,3.22,2.42
2026-02-01T08:00,morning,sarafovo,Сарафово,42.5695,27.521,4.59,0.418,0.069,4.31,1.58
2026-02-01T16:00,afternoon,sarafovo,Сарафово,42.5695,27.521,5.99,0.445,0.07,3.55,2.6
2026-02-01T08:00,morning,central_beach_burgas,Централен плаж Бургас,42.4924,27.4848,4.78,0.51,0.065,3.99,2.49
2026-02-01T16:00,afternoon,central_beach_burgas,Централен плаж Бургас,42.4924,27.4848,6.61,0.54,0.068,3.48,2.51
2026-02-01T08:00,morning,kraimorie,Крайморие,42.4428,27.4686,5.31,0.511,0.061,2.28,2.33
2026-02-01T16:00,afternoon,kraimorie,Крайморие,42.4428,27.4686,5.84,0.479,0.062,2.01,1.31
2026-02-02T08:00,morning,sarafovo,Сарафово,42.5695,27.521,5.13,0.459,0.067,2.92,2.17
2026-02-02T16:00,afternoon,sarafovo,Сарафово,42.5695,27.521,5.96,0.487,0.06,2.3,1.98
2026-02-02T08:00,morning,central_beach_burgas,Централен плаж Бургас,42.4924,27.4848,4.11,0.542,0.078,2.7,2.45
2026-02-02T16:00,afternoon,central_beach_burgas,Централен плаж Бургас,42.4924,27.4848,6.5,0.531,0.076,3.41,2.32
2026-02-02T08:00,morning,kraimorie,Крайморие,42.4428,27.4686,5.71,0.474,0.069,2.85,0.99
2026-02-02T16:00,afternoon,kraimorie,Крайморие,42.4428,27.4686,5.42,0.474,0.066,3.25,0.82
2026-02-03T08:00,morning,sarafovo,Сарафово,42.5695,27.521,5.22,0.472,0.061,2.98,1.42
2026-02-03T16:00,afternoon,sarafovo,Сарафово,42.5695,27.521,5.87,0.502,0.059,2.95,1.63
2026-02-03T08:00,morning,central_beach_burgas,Централен плаж Бургас,42.4924,27.4848,5.47,0.514,0.063,3.18,1.94
2026-02-03T16:00,afternoon,central_beach_burgas,Централен плаж Бургас,42.4924,27.4848,7.49,0.539,0.065,3.28,2.06
2026-02-03T08:00,morning,kraimorie,Крайморие,42.4428,27.4686,5.1,0.512,0.064,2.74,1.63
2026-02-03T16:00,afternoon,kraimorie,Крайморие,42.4428,27.4686,6.45,0.505,0.062,2.32,1.63
2026-02-04T08:00,morning,sarafovo,Сарафово,42.5695,27.521,4.68,0.503,0.075,3.0,1.86
2026-02-04T16:00,afternoon,sarafovo,Сарафово,42.5695,27.521,6.17,0.484,0.074,2.45,3.18
2026-02-04T08:00,morning,central_beach_burgas,Централен плаж Бургас,42.4924,27.4848,5.22,0.562,0.072,3.69,1.5
2026-02-04T16:00,afternoon,central_beach_burgas,Централен плаж Бургас,42.4924,27.4848,6.93,0.518,0.075,2.93,1.74
2026-02-04T08:00,morning,kraimorie,Крайморие,42.4428,27.4686,5.01,0.488,0.07,3.19,1.6
2026-02-04T16:00,afternoon,kraimorie,Крайморие,42.4428,27.4686,6.18,0.488,0.08,3.67,0.4
2026-02-05T08:00,morning,sarafovo,Сарафово,42.5695,27.521,4.31,0.478,0.052,2.83,3.12
2026-02-05T16:00,afternoon,sarafovo,Сарафово,42.5695,27.521,5.48,0.472,0.048,2.6,2.08
2026-02-05T08:00,morning,central_beach_burgas,Централен плаж Бургас,42.4924,27.4848,5.0,0.528,0.072,3.52,2.6
2026-02-05T16:00,afternoon,central_beach_burgas,Централен плаж Бургас,42.4924,27.4848,5.85,0.547,0.076,3.81,1.7
2026-02-05T08:00,morning,kraimorie,Крайморие,42.4428,27.4686,5.11,0.525,0.058,2.9,1.62
2026-02-05T16:00,afternoon,kraimorie,Крайморие,42.4428,27.4686,5.91,0.528,0.056,3.33,1.9
2026-02-06T08:00,morning,sarafovo,Сарафово,42.5695,27.521,4.69,0.468,0.069,3.51,2.37
2026-02-06T16:00,afternoon,sarafovo,Сарафово,42.5695,27.521,6.33,0.445,0.075,2.61,2.36
2026-02-06T08:00,morning,central_beach_burgas,Централен плаж Бургас,42.4924,27.4848,4.94,0.539,0.058,4.23,1.26
2026-02-06T16:00,afternoon,central_beach_burgas,Централен плаж Бургас,42.4924,27.4848,6.56,0.541,0.066,3.91,3.04
2026-02-06T08:00,morning,kraimorie,Крайморие,42.4428,27.4686,5.54,0.515,0.074,2.61,2.01
2026-02-06T16:00,afternoon,kraimorie,Крайморие,42.4428,27.4686,6.32,0.48,0.076,2.84,2.3
2026-02-07T08:00,morning,sarafovo,Сарафово,42.5695,27.521,5.07,0.464,0.056,3.49,2.75
2026-02-07T16:00,afternoon,sarafovo,Сарафово,42.5695,27.521,6.46,0.471,0.058,2.79,1.11
2026-02-07T08:00,morning,central_beach_burgas,Централен плаж Бургас,42.4924,27.4848,5.86,0.544,0.069,3.36,1.63
2026-02-07T16:00,afternoon,central_beach_burgas,Централен плаж Бургас,42.4924,27.4848,7.14,0.553,0.074,3.82,0.84
2026-02-07T08:00,morning,kraimorie,Крайморие,42.4428,27.4686,5.2,0.524,0.058,3.59,2.1
2026-02-07T16:00,afternoon,kraimorie,Крайморие,42.4428,27.4686,5.51,0.492,0.06,3.73,2.3
2026-02-08T08:00,morning,sarafovo,Сарафово,42.5695,27.521,5.25,0.459,0.061,3.15,2.49
2026-02-08T16:00,afternoon,sarafovo,Сарафово,42.5695,27.521,6.5,0.451,0.064,2.71,2.17
2026-02-08T08:00,morning,central_beach_burgas,Централен плаж Бургас,42.4924,27.4848,5.05,0.549,0.074,3.87,1.76
2026-02-08T16:00,afternoon,central_beach_burgas,Централен плаж Бургас,42.4924,27.4848,7.36,0.555,0.068,3.59,1.85
2026-02-08T08:00,morning,kraimorie,Крайморие,42.4428,27.4686,4.61,0.486,0.068,4.05,1.8
2026-02-08T16:00,afternoon,kraimorie,Крайморие,42.4428,27.4686,6.59,0.517,0.069,3.38,1.32
2026-02-09T08:00,morning,sarafovo,Сарафово,42.5695,27.521,4.64,0.43,0.064,3.17,2.52
2026-02-09T16:00,afternoon,sarafovo,Сарафово,42.5695,27.521,6.03,0.439,0.063,3.42,3.43
2026-02-09T08:00,morning,central_beach_burgas,Централен плаж Бургас,42.4924,27.4848,6.5,0.55,0.061,2.88,0.71
2026-02-09T16:00,afternoon,central_beach_burgas,Централен плаж Бургас,42.4924,27.4848,6.37,0.517,0.065,2.54,2.22
2026-02-09T08:00,morning,kraimorie,Крайморие,42.4428,27.4686,6.03,0.499,0.066,2.77,1.37
2026-02-09T16:00,afternoon,kraimorie,Крайморие,42.4428,27.4686,6.52,0.508,0.069,3.55,2.42
2026-02-10T08:00,morning,sarafovo,Сарафово,42.5695,27.521,5.26,0.501,0.055,3.22,3.02
2026-02-10T16:00,afternoon,sarafovo,Сарафово,42.5695,27.521,6.6,0.489,0.062,3.51,1.35
2026-02-10T08:00,morning,central_beach_burgas,Централен плаж Бургас,42.4924,27.4848,5.21,0.502,0.071,3.52,1.33
2026-02-10T16:00,afternoon,central_beach_burgas,Централен плаж Бургас,42.4924,27.4848,6.81,0.505,0.075,3.65,0.85
2026-02-10T08:00,morning,kraimorie,Крайморие,42.4428,27.4686,5.35,0.524,0.056,2.69,1.87
2026-02-10T16:00,afternoon,kraimorie,Крайморие,42.4428,27.4686,6.11,0.549,0.057,3.06,1.71
2026-02-11T08:00,morning,sarafovo,Сарафово,42.5695,27.521,6.48,0.451,0.061,3.93,2.05
2026-02-11T16:00,afternoon,sarafovo,Сарафово,42.5695,27.521,6.72,0.43,0.072,4.07,1.13
2026-02-11T08:00,morning,central_beach_burgas,Централен плаж Бургас,42.4924,27.4848,4.58,0.517,0.079,3.22,1.43
2026-02-11T16:00,afternoon,central_beach_burgas,Централен плаж Бургас,42.4924,27.4848,6.67,0.51,0.078,3.1,1.91
2026-02-11T08:00,morning,kraimorie,Крайморие,42.4428,27.4686,5.71,0.453,0.068,3.22,1.16
2026-02-11T16:00,afternoon,kraimorie,Крайморие,42.4428,27.4686,7.33,0.449,0.069,3.39,1.85
2026-02-12T08:00,morning,sarafovo,Сарафово,42.5695,27.521,4.99,0.459,0.068,3.27,2.14
2026-02-12T16:00,afternoon,sarafovo,Сарафово,42.5695,27.521,6.92,0.473,0.061,2.43,1.92
2026-02-12T08:00,morning,central_beach_burgas,Централен плаж Бургас,42.4924,27.4848,5.19,0.544,0.074,2.91,3.69
2026-02-12T16:00,afternoon,central_beach_burgas,Централен плаж Бургас,42.4924,27.4848,7.38,0.541,0.068,2.26,2.2
2026-02-12T08:00,morning,kraimorie,Крайморие,42.4428,27.4686,5.58,0.516,0.068,2.8,2.76
2026-02-12T16:00,afternoon,kraimorie,Крайморие,42.4428,27.4686,6.57,0.488,0.066,2.82,2.1
2026-02-13T08:00,morning,sarafovo,Сарафово,42.5695,27.521,4.66,0.446,0.065,2.17,2.48
2026-02-13T16:00,afternoon,sarafovo,Сарафово,42.5695,27.521,6.23,0.446,0.06,2.27,1.58
2026-02-13T08:00,morning,central_beach_burgas,Централен плаж Бургас,42.4924,27.4848,5.26,0.541,0.064,2.36,2.59
2026-02-13T16:00,afternoon,central_beach_burgas,Централен плаж Бургас,42.4924,27.4848,6.95,0.538,0.072,2.23,2.08
2026-02-13T08:00,morning,kraimorie,Крайморие,42.4428,27.4686,4.59,0.515,0.072,3.66,2.62
2026-02-13T16:00,afternoon,kraimorie,Крайморие,42.4428,27.4686,6.63,0.516,0.072,3.07,1.63
2026-02-14T08:00,morning,sarafovo,Сарафово,42.5695,27.521,5.27,0.5,0.06,3.18,1.1
2026-02-14T16:00,afternoon,sarafovo,Сарафово,42.5695,27.521,6.42,0.462,0.058,3.12,1.3
2026-02-14T08:00,morning,central_beach_burgas,Централен плаж Бургас,42.4924,27.4848,5.53,0.576,0.081,2.32,2.14
2026-02-14T16:00,afternoon,central_beach_burgas,Централен плаж Бургас,42.4924,27.4848,7.09,0.561,0.081,3.02,0.99
2026-02-14T08:00,morning,kraimorie,Крайморие,42.4428,27.4686,6.12,0.482,0.07,2.38,2.69
2026-02-14T16:00,afternoon,kraimorie,Крайморие,42.4428,27.4686,6.48,0.484,0.07,2.61,1.6
2026-02-15T08:00,morning,sarafovo,Сарафово,42.5695,27.521,5.08,0.437,0.054,2.76,1.4
2026-02-15T16:00,afternoon,sarafovo,Сарафово,42.5695,27.521,7.11,0.469,0.048,2.96,1.07
2026-02-15T08:00,morning,central_beach_burgas,Централен плаж Бургас,42.4924,27.4848,5.79,0.515,0.07,2.83,1.37
2026-02-15T16:00,afternoon,central_beach_burgas,Централен плаж Бургас,42.4924,27.4848,7.69,0.513,0.068,3.45,1.85
2026-02-15T08:00,morning,kraimorie,Крайморие,42.4428,27.4686,5.23,0.498,0.071,2.24,2.16
2026-02-15T16:00,afternoon,kraimorie,Крайморие,42.4428,27.4686,5.92,0.516,0.069,2.82,2.36
2026-02-16T08:00,morning,sarafovo,Сарафово,42.5695,27.521,6.08,0.444,0.061,3.46,2.38
2026-02-16T16:00,afternoon,sarafovo,Сарафово,42.5695,27.521,7.19,0.456,0.059,3.59,0.99
2026-02-16T08:00,morning,central_beach_burgas,Централен плаж Бургас,42.4924,27.4848,5.66,0.527,0.074,2.52,2.29
2026-02-16T16:00,afternoon,central_beach_burgas,Централен плаж Бургас,42.4924,27.4848,7.18,0.525,0.065,2.02,1.75
2026-02-16T08:00,morning,kraimorie,Крайморие,42.4428,27.4686,5.75,0.464,0.067,2.21,2.17
2026-02-16T16:00,afternoon,kraimorie,Крайморие,42.4428,27.4686,7.19,0.479,0.068,2.02,2.62
2026-02-17T08:00,morning,sarafovo,Сарафово,42.5695,27.521,5.45,0.456,0.069,3.27,1.82
2026-02-17T16:00,afternoon,sarafovo,Сарафово,42.5695,27.521,6.63,0.442,0.059,2.76,1.37
2026-02-17T08:00,morning,central_beach_burgas,Централен плаж Бургас,42.4924,27.4848,5.78,0.531,0.065,3.49,2.01
2026-02-17T16:00,afternoon,central_beach_burgas,Централен плаж Бургас,42.4924,27.4848,6.24,0.548,0.065,2.71,1.99
2026-02-17T08:00,morning,kraimorie,Крайморие,42.4428,27.4686,5.24,0.469,0.061,2.62,2.64
2026-02-17T16:00,afternoon,kraimorie,Крайморие,42.4428,27.4686,6.96,0.45,0.063,2.95,1.6
2026-02-18T08:00,morning,sarafovo,Сарафово,42.5695,27.521,5.5,0.432,0.06,2.36,1.28
2026-02-18T16:00,afternoon,sarafovo,Сарафово,42.5695,27.521,6.5,0.443,0.06,1.8,1.69
2026-02-18T08:00,morning,central_beach_burgas,Централен плаж Бургас,42.4924,27.4848,5.34,0.528,0.071,2.96,1.37
2026-02-18T16:00,afternoon,central_beach_burgas,Централен плаж Бургас,42.4924,27.4848,7.15,0.501,0.07,3.96,1.66
2026-02-18T08:00,morning,kraimorie,Крайморие,42.4428,27.4686,5.12,0.507,0.068,4.32,3.05
2026-02-18T16:00,afternoon,kraimorie,Крайморие,42.4428,27.4686,6.43,0.488,0.074,3.55,2.38
2026-02-19T08:00,morning,sarafovo,Сарафово,42.5695,27.521,5.77,0.488,0.063,2.69,2.07
2026-02-19T16:00,afternoon,sarafovo,Сарафово,42.5695,27.521,6.86,0.507,0.055,3.96,1.92
2026-02-19T08:00,morning,central_beach_burgas,Централен плаж Бургас,42.4924,27.4848,5.69,0.533,0.075,3.16,0.68
2026-02-19T16:00,afternoon,central_beach_burgas,Централен плаж Бургас,42.4924,27.4848,7.25,0.532,0.076,3.25,1.26
2026-02-19T08:00,morning,kraimorie,Крайморие,42.4428,27.4686,6.33,0.535,0.066,3.24,1.72
2026-02-19T16:00,afternoon,kraimorie,Крайморие,42.4428,27.4686,6.21,0.518,0.063,3.41,2.15
2026-02-20T08:00,morning,sarafovo,Сарафово,42.5695,27.521,6.29,0.471,0.072,3.78,1.94
2026-02-20T16:00,afternoon,sarafovo,Сарафово,42.5695,27.521,7.56,0.509,0.069,3.81,2.24
2026-02-20T08:00,morning,central_beach_burgas,Централен плаж Бургас,42.4924,27.4848,5.69,0.518,0.067,3.01,0.63
2026-02-20T16:00,afternoon,central_beach_burgas,Централен плаж Бургас,42.4924,27.4848,7.08,0.518,0.067,2.78,0.65
2026-02-20T08:00,morning,kraimorie,Крайморие,42.4428,27.4686,5.99,0.494,0.069,2.6,1.59
2026-02-20T16:00,afternoon,kraimorie,Крайморие,42.4428,27.4686,7.64,0.457,0.066,3.56,2.11
2026-02-21T08:00,morning,sarafovo,Сарафово,42.5695,27.521,6.25,0.472,0.06,2.23,1.54
2026-02-21T16:00,afternoon,sarafovo,Сарафово,42.5695,27.521,6.82,0.46,0.057,2.45,2.21
2026-02-21T08:00,morning,central_beach_burgas,Централен плаж Бургас,42.4924,27.4848,5.93,0.552,0.065,3.64,1.64
2026-02-21T16:00,afternoon,central_beach_burgas,Централен плаж Бургас,42.4924,27.4848,7.24,0.538,0.06,4.01,0.92
2026-02-21T08:00,morning,kraimorie,Крайморие,42.4428,27.4686,6.3,0.471,0.061,3.33,1.93
2026-02-21T16:00,afternoon,kraimorie,Крайморие,42.4428,27.4686,6.21,0.468,0.057,4.02,1.4
2026-02-22T08:00,morning,sarafovo,Сарафово,42.5695,27.521,5.13,0.477,0.06,3.34,1.98
2026-02-22T16:00,afternoon,sarafovo,Сарафово,42.5695,27.521,6.97,0.483,0.053,3.49,1.5
2026-02-22T08:00,morning,central_beach_burgas,Централен плаж Бургас,42.4924,27.4848,5.95,0.502,0.076,2.41,1.41
2026-02-22T16:00,afternoon,central_beach_burgas,Централен плаж Бургас,42.4924,27.4848,7.8,0.515,0.077,2.23,1.71
2026-02-22T08:00,morning,kraimorie,Крайморие,42.4428,27.4686,6.51,0.503,0.066,3.35,1.97
2026-02-22T16:00,afternoon,kraimorie,Крайморие,42.4428,27.4686,7.22,0.479,0.068,2.13,2.01
2026-02-23T08:00,morning,sarafovo,Сарафово,42.5695,27.521,6.33,0.481,0.046,2.55,2.77
2026-02-23T16:00,afternoon,sarafovo,Сарафово,42.5695,27.521,7.26,0.503,0.059,2.77,3.77
2026-02-23T08:00,morning,central_beach_burgas,Централен плаж Бургас,42.4924,27.4848,6.92,0.507,0.062,3.77,1.15
2026-02-23T16:00,afternoon,central_beach_burgas,Централен плаж Бургас,42.4924,27.4848,6.57,0.518,0.062,3.6,1.92
2026-02-23T08:00,morning,kraimorie,Крайморие,42.4428,27.4686,5.73,0.509,0.063,2.9,2.88
2026-02-23T16:00,afternoon,kraimorie,Крайморие,42.4428,27.4686,7.8,0.498,0.062,3.52,1.71
2026-02-24T08:00,morning,sarafovo,Сарафово,42.5695,27.521,6.41,0.456,0.06,2.96,1.81
2026-02-24T16:00,afternoon,sarafovo,Сарафово,42.5695,27.521,6.65,0.452,0.058,2.62,1.72
2026-02-24T08:00,morning,central_beach_burgas,Централен плаж Бургас,42.4924,27.4848,6.3,0.53,0.058,3.47,1.37
2026-02-24T16:00,afternoon,central_beach_burgas,Централен плаж Бургас,42.4924,27.4848,7.97,0.529,0.059,3.86,1.34
2026-02-24T08:00,morning,kraimorie,Крайморие,42.4428,27.4686,6.82,0.441,0.068,1.91,1.95
2026-02-24T16:00,afternoon,kraimorie,Крайморие,42.4428,27.4686,7.37,0.453,0.067,2.59,1.34
2026-02-25T08:00,morning,sarafovo,Сарафово,42.5695,27.521,5.48,0.429,0.062,2.77,2.63
2026-02-25T16:00,afternoon,sarafovo,Сарафово,42.5695,27.521,7.36,0.43,0.056,2.54,2.17
2026-02-25T08:00,morning,central_beach_burgas,Централен плаж Бургас,42.4924,27.4848,6.81,0.509,0.064,2.48,1.78
2026-02-25T16:00,afternoon,central_beach_burgas,Централен плаж Бургас,42.4924,27.4848,7.97,0.514,0.068,2.32,2.51
2026-02-25T08:00,morning,kraimorie,Крайморие,42.4428,27.4686,5.37,0.467,0.057,2.6,2.55
2026-02-25T16:00,afternoon,kraimorie,Крайморие,42.4428,27.4686,7.39,0.458,0.068,3.36,2.34
2026-02-26T08:00,morning,sarafovo,Сарафово,42.5695,27.521,5.64,0.468,0.058,1.64,2.2
2026-02-26T16:00,afternoon,sarafovo,Сарафово,42.5695,27.521,7.29,0.481,0.061,2.03,0.46
2026-02-26T08:00,morning,central_beach_burgas,Централен плаж Бургас,42.4924,27.4848,5.86,0.519,0.066,2.89,3.19
2026-02-26T16:00,afternoon,central_beach_burgas,Централен плаж Бургас,42.4924,27.4848,7.65,0.511,0.061,4.05,1.56
2026-02-26T08:00,morning,kraimorie,Крайморие,42.4428,27.4686,6.55,0.473,0.073,2.68,2.33
2026-02-26T16:00,afternoon,kraimorie,Крайморие,42.4428,27.4686,6.96,0.486,0.069,3.46,0.83
2026-02-27T08:00,morning,sarafovo,Сарафово,42.5695,27.521,5.96,0.485,0.062,2.47,1.83
2026-02-27T16:00,afternoon,sarafovo,Сарафово,42.5695,27.521,7.31,0.49,0.064,2.46,2.42
2026-02-27T08:00,morning,central_beach_burgas,Централен плаж Бургас,42.4924,27.4848,5.97,0.542,0.07,2.97,2.13
2026-02-27T16:00,afternoon,central_beach_burgas,Централен плаж Бургас,42.4924,27.4848,6.84,0.532,0.068,2.53,1.89
2026-02-27T08:00,morning,kraimorie,Крайморие,42.4428,27.4686,6.1,0.476,0.057,4.22,1.65
2026-02-27T16:00,afternoon,kraimorie,Крайморие,42.4428,27.4686,7.5,0.484,0.054,3.35,2.36
2026-02-28T08:00,morning,sarafovo,Сарафово,42.5695,27.521,6.82,0.457,0.056,3.78,1.45
2026-02-28T16:00,afternoon,sarafovo,Сарафово,42.5695,27.521,6.9,0.446,0.064,2.99,1.71
2026-02-28T08:00,morning,central_beach_burgas,Централен плаж Бургас,42.4924,27.4848,7.11,0.594,0.084,3.4,2.15
2026-02-28T16:00,afternoon,central_beach_burgas,Централен плаж Бургас,42.4924,27.4848,8.02,0.575,0.084,4.04,3.28
2026-02-28T08:00,morning,kraimorie,Крайморие,42.4428,27.4686,6.03,0.511,0.081,3.46,0.91
2026-02-28T16:00,afternoon,kraimorie,Крайморие,42.4428,27.4686,8.27,0.534,0.077,3.79,1.49
2026-03-01T08:00,morning,sarafovo,Сарафово,42.5695,27.521,6.42,0.585,0.086,3.72,3.9
2026-03-01T16:00,afternoon,sarafovo,Сарафово,42.5695,27.521,7.82,0.621,0.091,4.18,3.67
2026-03-01T08:00,morning,central_beach_burgas,Централен плаж Бургас,42.4924,27.4848,6.86,0.775,0.12,4.8,3.8
2026-03-01T16:00,afternoon,central_beach_burgas,Централен плаж Бургас,42.4924,27.4848,7.59,0.774,0.124,5.0,4.14
2026-03-01T08:00,morning,kraimorie,Крайморие,42.4428,27.4686,6.34,0.623,0.077,3.68,4.48
2026-03-01T16:00,afternoon,kraimorie,Крайморие,42.4428,27.4686,7.48,0.608,0.08,3.56,4.02
2026-03-02T08:00,morning,sarafovo,Сарафово,42.5695,27.521,6.64,0.745,0.12,4.84,3.36
2026-03-02T16:00,afternoon,sarafovo,Сарафово,42.5695,27.521,6.72,0.74,0.122,5.15,2.48
2026-03-02T08:00,morning,central_beach_burgas,Централен плаж Бургас,42.4924,27.4848,6.55,0.971,0.14,6.89,4.29
2026-03-02T16:00,afternoon,central_beach_burgas,Централен плаж Бургас,42.4924,27.4848,8.12,0.932,0.137,7.46,4.21
2026-03-02T08:00,morning,kraimorie,Крайморие,42.4428,27.4686,6.62,0.73,0.118,5.73,3.13
2026-03-02T16:00,afternoon,kraimorie,Крайморие,42.4428,27.4686,7.99,0.707,0.113,5.94,3.13
2026-03-03T08:00,morning,sarafovo,Сарафово,42.5695,27.521,6.82,0.854,0.137,5.57,3.14
2026-03-03T16:00,afternoon,sarafovo,Сарафово,42.5695,27.521,8.13,0.853,0.131,6.23,2.33
2026-03-03T08:00,morning,central_beach_burgas,Централен плаж Бургас,42.4924,27.4848,6.89,0.954,0.137,7.24,3.95
2026-03-03T16:00,afternoon,central_beach_burgas,Централен плаж Бургас,42.4924,27.4848,7.71,0.969,0.13,6.81,6.51
2026-03-03T08:00,morning,kraimorie,Крайморие,42.4428,27.4686,7.23,0.869,0.147,6.38,3.33
2026-03-03T16:00,afternoon,kraimorie,Крайморие,42.4428,27.4686,7.99,0.856,0.139,6.64,2.9
2026-03-04T08:00,morning,sarafovo,Сарафово,42.5695,27.521,6.34,0.785,0.105,4.81,3.5
2026-03-04T16:00,afternoon,sarafovo,Сарафово,42.5695,27.521,7.21,0.815,0.109,5.71,4.53
2026-03-04T08:00,morning,central_beach_burgas,Централен плаж Бургас,42.4924,27.4848,6.43,0.821,0.119,5.49,3.98
2026-03-04T16:00,afternoon,central_beach_burgas,Централен плаж Бургас,42.4924,27.4848,8.59,0.779,0.12,4.92,2.81
2026-03-04T08:00,morning,kraimorie,Крайморие,42.4428,27.4686,7.3,0.854,0.128,5.25,4.85
2026-03-04T16:00,afternoon,kraimorie,Крайморие,42.4428,27.4686,9.52,0.836,0.12,5.11,4.58
2026-03-05T08:00,morning,sarafovo,Сарафово,42.5695,27.521,7.22,0.522,0.084,5.03,3.88
2026-03-05T16:00,afternoon,sarafovo,Сарафово,42.5695,27.521,7.2,0.541,0.077,4.07,3.71
2026-03-05T08:00,morning,central_beach_burgas,Централен плаж Бургас,42.4924,27.4848,6.89,0.589,0.091,3.03,3.27
2026-03-05T16:00,afternoon,central_beach_burgas,Централен плаж Бургас,42.4924,27.4848,8.17,0.614,0.095,3.35,3.76
2026-03-05T08:00,morning,kraimorie,Крайморие,42.4428,27.4686,7.44,0.651,0.093,4.94,3.35
2026-03-05T16:00,afternoon,kraimorie,Крайморие,42.4428,27.4686,7.87,0.652,0.095,5.04,3.42
2026-03-06T08:00,morning,sarafovo,Сарафово,42.5695,27.521,6.74,0.455,0.061,3.12,3.11
2026-03-06T16:00,afternoon,sarafovo,Сарафово,42.5695,27.521,8.12,0.471,0.062,3.22,3.63
2026-03-06T08:00,morning,central_beach_burgas,Централен плаж Бургас,42.4924,27.4848,7.72,0.565,0.076,3.66,2.83
2026-03-06T16:00,afternoon,central_beach_burgas,Централен плаж Бургас,42.4924,27.4848,8.46,0.558,0.07,4.33,2.6
2026-03-06T08:00,morning,kraimorie,Крайморие,42.4428,27.4686,6.77,0.522,0.068,2.48,3.05
2026-03-06T16:00,afternoon,kraimorie,Крайморие,42.4428,27.4686,8.32,0.542,0.067,2.82,2.05
2026-03-07T08:00,morning,sarafovo,Сарафово,42.5695,27.521,7.73,0.404,0.057,3.62,4.54
2026-03-07T16:00,afternoon,sarafovo,Сарафово,42.5695,27.521,7.82,0.426,0.054,4.44,4.91
2026-03-07T08:00,morning,central_beach_burgas,Централен плаж Бургас,42.4924,27.4848,6.42,0.521,0.061,2.92,3.26
2026-03-07T16:00,afternoon,central_beach_burgas,Централен плаж Бургас,42.4924,27.4848,8.66,0.531,0.061,2.29,2.8
2026-03-07T08:00,morning,kraimorie,Крайморие,42.4428,27.4686,7.08,0.452,0.06,3.15,4.65
2026-03-07T16:00,afternoon,kraimorie,Крайморие,42.4428,27.4686,8.22,0.442,0.06,3.38,4.04
2026-03-08T08:00,morning,sarafovo,Сарафово,42.5695,27.521,7.05,0.455,0.055,3.03,2.25
2026-03-08T16:00,afternoon,sarafovo,Сарафово,42.5695,27.521,8.49,0.458,0.052,3.49,2.63
2026-03-08T08:00,morning,central_beach_burgas,Централен плаж Бургас,42.4924,27.4848,7.55,0.517,0.075,2.87,3.38
2026-03-08T16:00,afternoon,central_beach_burgas,Централен плаж Бургас,42.4924,27.4848,8.77,0.522,0.071,2.19,4.03
2026-03-08T08:00,morning,kraimorie,Крайморие,42.4428,27.4686,6.78,0.45,0.06,3.44,2.53
2026-03-08T16:00,afternoon,kraimorie,Крайморие,42.4428,27.4686,8.45,0.443,0.056,4.43,3.41
2026-03-09T08:00,morning,sarafovo,Сарафово,42.5695,27.521,7.71,0.401,0.054,3.26,4.03
2026-03-09T16:00,afternoon,sarafovo,Сарафово,42.5695,27.521,8.01,0.433,0.055,3.1,4.48
2026-03-09T08:00,morning,central_beach_burgas,Централен плаж Бургас,42.4924,27.4848,7.27,0.534,0.059,3.28,2.1
2026-03-09T16:00,afternoon,central_beach_burgas,Централен плаж Бургас,42.4924,27.4848,9.24,0.48,0.061,3.47,2.64
2026-03-09T08:00,morning,kraimorie,Крайморие,42.4428,27.4686,7.97,0.499,0.055,4.71,3.01
2026-03-09T16:00,afternoon,kraimorie,Крайморие,42.4428,27.4686,8.89,0.491,0.054,4.69,2.98
2026-03-10T08:00,morning,sarafovo,Сарафово,42.5695,27.521,7.21,0.447,0.053,2.81,3.68
2026-03-10T16:00,afternoon,sarafovo,Сарафово,42.5695,27.521,9.13,0.452,0.051,3.42,3.81
2026-03-10T08:00,morning,central_beach_burgas,Централен плаж Бургас,42.4924,27.4848,7.87,0.511,0.049,2.56,2.78
2026-03-10T16:00,afternoon,central_beach_burgas,Централен плаж Бургас,42.4924,27.4848,9.78,0.507,0.057,2.56,2.22
2026-03-10T08:00,morning,kraimorie,Крайморие,42.4428,27.4686,7.11,0.49,0.06,2.93,3.7
2026-03-10T16:00,afternoon,kraimorie,Крайморие,42.4428,27.4686,8.75,0.459,0.065,3.0,3.39
2026-03-11T08:00,morning,sarafovo,Сарафово,42.5695,27.521,8.11,0.46,0.055,3.2,5.01
2026-03-11T16:00,afternoon,sarafovo,Сарафово,42.5695,27.521,8.55,0.441,0.05,3.71,4.02
2026-03-11T08:00,morning,central_beach_burgas,Централен плаж Бургас,42.4924,27.4848,7.61,0.461,0.069,2.8,2.75
2026-03-11T16:00,afternoon,central_beach_burgas,Централен плаж Бургас,42.4924,27.4848,9.27,0.454,0.066,3.55,3.59
2026-03-11T08:00,morning,kraimorie,Крайморие,42.4428,27.4686,8.01,0.463,0.064,3.18,4.2
2026-03-11T16:00,afternoon,kraimorie,Крайморие,42.4428,27.4686,7.37,0.481,0.059,3.92,4.69
2026-03-12T08:00,morning,sarafovo,Сарафово,42.5695,27.521,7.98,0.462,0.047,3.9,3.09
2026-03-12T16:00,afternoon,sarafovo,Сарафово,42.5695,27.521,8.58,0.434,0.046,3.86,4.4
2026-03-12T08:00,morning,central_beach_burgas,Централен плаж Бургас,42.4924,27.4848,7.63,0.508,0.059,2.58,1.11
2026-03-12T16:00,afternoon,central_beach_burgas,Централен плаж Бургас,42.4924,27.4848,8.94,0.485,0.063,2.46,2.53
2026-03-12T08:00,morning,kraimorie,Крайморие,42.4428,27.4686,7.75,0.447,0.055,3.16,4.24
2026-03-12T16:00,afternoon,kraimorie,Крайморие,42.4428,27.4686,9.11,0.451,0.067,2.44,3.91
2026-03-13T08:00,morning,sarafovo,Сарафово,42.5695,27.521,7.52,0.424,0.064,3.61,2.84
2026-03-13T16:00,afternoon,sarafovo,Сарафово,42.5695,27.521,8.49,0.422,0.068,3.61,3.23
2026-03-13T08:00,morning,central_beach_burgas,Централен плаж Бургас,42.4924,27.4848,8.08,0.501,0.061,2.43,5.75
2026-03-13T16:00,afternoon,central_beach_burgas,Централен плаж Бургас,42.4924,27.4848,9.26,0.517,0.06,2.04,3.6
2026-03-13T08:00,morning,kraimorie,Крайморие,42.4428,27.4686,8.47,0.478,0.063,3.15,2.67
2026-03-13T16:00,afternoon,kraimorie,Крайморие,42.4428,27.4686,8.66,0.462,0.062,2.98,2.38
2026-03-14T08:00,morning,sarafovo,Сарафово,42.5695,27.521,7.74,0.438,0.045,2.71,3.52
2026-03-14T16:00,afternoon,sarafovo,Сарафово,42.5695,27.521,8.81,0.444,0.044,2.71,3.08
2026-03-14T08:00,morning,central_beach_burgas,Централен плаж Бургас,42.4924,27.4848,8.03,0.532,0.073,3.58,4.37
2026-03-14T16:00,afternoon,central_beach_burgas,Централен плаж Бургас,42.4924,27.4848,9.97,0.511,0.075,2.75,4.54
2026-03-14T08:00,morning,kraimorie,Крайморие,42.4428,27.4686,8.77,0.451,0.074,4.0,4.21
2026-03-14T16:00,afternoon,kraimorie,Крайморие,42.4428,27.4686,9.51,0.445,0.065,4.51,4.36
2026-03-15T08:00,morning,sarafovo,Сарафово,42.5695,27.521,8.66,0.417,0.059,3.25,3.64
2026-03-15T16:00,afternoon,sarafovo,Сарафово,42.5695,27.521,10.03,0.395,0.061,3.3,2.56
2026-03-15T08:00,morning,central_beach_burgas,Централен плаж Бургас,42.4924,27.4848,7.99,0.479,0.061,3.21,4.34
2026-03-15T16:00,afternoon,central_beach_burgas,Централен плаж Бургас,42.4924,27.4848,9.96,0.479,0.065,3.06,4.41
2026-03-15T08:00,morning,kraimorie,Крайморие,42.4428,27.4686,7.1,0.46,0.053,3.13,2.95
2026-03-15T16:00,afternoon,kraimorie,Крайморие,42.4428,27.4686,9.79,0.438,0.049,3.94,3.48
2026-03-16T08:00,morning,sarafovo,Сарафово,42.5695,27.521,8.25,0.446,0.061,2.96,4.38
2026-03-16T16:00,afternoon,sarafovo,Сарафово,42.5695,27.521,9.64,0.457,0.059,3.38,2.5
2026-03-16T08:00,morning,central_beach_burgas,Централен плаж Бургас,42.4924,27.4848,8.16,0.459,0.057,3.73,3.49
2026-03-16T16:00,afternoon,central_beach_burgas,Централен плаж Бургас,42.4924,27.4848,9.48,0.491,0.053,2.99,3.07
2026-03-16T08:00,morning,kraimorie,Крайморие,42.4428,27.4686,9.08,0.446,0.063,2.99,2.71
2026-03-16T16:00,afternoon,kraimorie,Крайморие,42.4428,27.4686,8.86,0.431,0.058,2.75,2.74
2026-03-17T08:00,morning,sarafovo,Сарафово,42.5695,27.521,7.97,0.432,0.04,2.91,3.54
2026-03-17T16:00,afternoon,sarafovo,Сарафово,42.5695,27.521,10.44,0.427,0.041,3.12,2.98
2026-03-17T08:00,morning,central_beach_burgas,Централен плаж Бургас,42.4924,27.4848,8.19,0.518,0.051,3.13,2.69
2026-03-17T16:00,afternoon,central_beach_burgas,Централен плаж Бургас,42.4924,27.4848,9.91,0.506,0.05,3.57,1.51
2026-03-17T08:00,morning,kraimorie,Крайморие,42.4428,27.4686,8.34,0.446,0.043,4.27,5.46
2026-03-17T16:00,afternoon,kraimorie,Крайморие,42.4428,27.4686,10.38,0.458,0.047,3.62,4.66
2026-03-18T08:00,morning,sarafovo,Сарафово,42.5695,27.521,8.52,0.436,0.052,3.51,4.4
2026-03-18T16:00,afternoon,sarafovo,Сарафово,42.5695,27.521,10.13,0.428,0.051,3.32,2.21
2026-03-18T08:00,morning,central_beach_burgas,Централен плаж Бургас,42.4924,27.4848,9.42,0.512,0.06,2.63,3.83
2026-03-18T16:00,afternoon,central_beach_burgas,Централен плаж Бургас,42.4924,27.4848,10.52,0.5,0.061,2.68,4.67
2026-03-18T08:00,morning,kraimorie,Крайморие,42.4428,27.4686,8.08,0.444,0.06,3.59,4.21
2026-03-18T16:00,afternoon,kraimorie,Крайморие,42.4428,27.4686,9.75,0.433,0.053,3.87,4.34
2026-03-19T08:00,morning,sarafovo,Сарафово,42.5695,27.521,9.2,0.463,0.06,3.7,3.47
2026-03-19T16:00,afternoon,sarafovo,Сарафово,42.5695,27.521,9.25,0.455,0.064,3.39,3.11
2026-03-19T08:00,morning,central_beach_burgas,Централен плаж Бургас,42.4924,27.4848,8.3,0.472,0.05,3.68,4.41
2026-03-19T16:00,afternoon,central_beach_burgas,Централен плаж Бургас,42.4924,27.4848,9.37,0.496,0.045,2.79,3.21
2026-03-19T08:00,morning,kraimorie,Крайморие,42.4428,27.4686,8.88,0.481,0.055,3.43,2.75
2026-03-19T16:00,afternoon,kraimorie,Крайморие,42.4428,27.4686,9.75,0.462,0.059,3.14,2.48
2026-03-20T08:00,morning,sarafovo,Сарафово,42.5695,27.521,8.27,0.41,0.056,3.1,3.32
2026-03-20T16:00,afternoon,sarafovo,Сарафово,42.5695,27.521,9.63,0.35,0.045,4.06,4.58
2026-03-20T08:00,morning,central_beach_burgas,Централен плаж Бургас,42.4924,27.4848,8.69,0.475,0.052,4.65,3.46
2026-03-20T16:00,afternoon,central_beach_burgas,Централен плаж Бургас,42.4924,27.4848,10.19,0.478,0.057,4.08,3.62
2026-03-20T08:00,morning,kraimorie,Крайморие,42.4428,27.4686,9.03,0.431,0.038,3.1,2.51
2026-03-20T16:00,afternoon,kraimorie,Крайморие,42.4428,27.4686,10.07,0.49,0.051,4.24,3.44
2026-03-21T08:00,morning,sarafovo,Сарафово,42.5695,27.521,8.91,0.396,0.055,3.62,4.51
2026-03-21T16:00,afternoon,sarafovo,Сарафово,42.5695,27.521,9.65,0.421,0.054,3.11,4.6
2026-03-21T08:00,morning,central_beach_burgas,Централен плаж Бургас,42.4924,27.4848,8.98,0.492,0.063,2.59,4.07
2026-03-21T16:00,afternoon,central_beach_burgas,Централен плаж Бургас,42.4924,27.4848,10.1,0.494,0.064,2.7,4.06
2026-03-21T08:00,morning,kraimorie,Крайморие,42.4428,27.4686,8.6,0.475,0.054,3.11,2.86
2026-03-21T16:00,afternoon,kraimorie,Крайморие,42.4428,27.4686,9.47,0.457,0.053,2.95,3.53
2026-03-22T08:00,morning,sarafovo,Сарафово,42.5695,27.521,8.84,0.434,0.06,3.53,4.9
2026-03-22T16:00,afternoon,sarafovo,Сарафово,42.5695,27.521,9.86,0.435,0.048,2.96,4.52
2026-03-22T08:00,morning,central_beach_burgas,Централен плаж Бургас,42.4924,27.4848,9.21,0.487,0.068,2.84,2.73
2026-03-22T16:00,afternoon,central_beach_burgas,Централен плаж Бургас,42.4924,27.4848,10.24,0.461,0.064,3.34,1.63
2026-03-22T08:00,morning,kraimorie,Крайморие,42.4428,27.4686,9.54,0.484,0.055,3.24,2.74
2026-03-22T16:00,afternoon,kraimorie,Крайморие,42.4428,27.4686,9.78,0.494,0.05,4.13,3.42
2026-03-23T08:00,morning,sarafovo,Сарафово,42.5695,27.521,8.73,0.404,0.047,3.09,3.59
2026-03-23T16:00,afternoon,sarafovo,Сарафово,42.5695,27.521,10.36,0.397,0.044,3.03,4.16
2026-03-23T08:00,morning,central_beach_burgas,Централен плаж Бургас,42.4924,27.4848,9.87,0.489,0.061,2.46,3.07
2026-03-23T16:00,afternoon,central_beach_burgas,Централен плаж Бургас,42.4924,27.4848,10.79,0.508,0.061,2.37,2.5
2026-03-23T08:00,morning,kraimorie,Крайморие,42.4428,27.4686,8.95,0.438,0.054,3.98,3.41
2026-03-23T16:00,afternoon,kraimorie,Крайморие,42.4428,27.4686,10.01,0.47,0.053,3.96,2.59
2026-03-24T08:00,morning,sarafovo,Сарафово,42.5695,27.521,9.22,0.41,0.051,2.74,2.74
2026-03-24T16:00,afternoon,sarafovo,Сарафово,42.5695,27.521,10.09,0.423,0.06,2.86,2.95
2026-03-24T08:00,morning,central_beach_burgas,Централен плаж Бургас,42.4924,27.4848,10.55,0.467,0.056,3.35,2.61
2026-03-24T16:00,afternoon,central_beach_burgas,Централен плаж Бургас,42.4924,27.4848,10.32,0.435,0.053,2.78,2.4
2026-03-24T08:00,morning,kraimorie,Крайморие,42.4428,27.4686,8.12,0.448,0.058,2.72,5.77
2026-03-24T16:00,afternoon,kraimorie,Крайморие,42.4428,27.4686,10.36,0.454,0.05,3.03,3.09
2026-03-25T08:00,morning,sarafovo,Сарафово,42.5695,27.521,9.62,0.44,0.05,2.54,4.47
2026-03-25T16:00,afternoon,sarafovo,Сарафово,42.5695,27.521,10.45,0.426,0.056,3.37,3.39
2026-03-25T08:00,morning,central_beach_burgas,Централен плаж Бургас,42.4924,27.4848,9.59,0.44,0.054,3.29,5.19
2026-03-25T16:00,afternoon,central_beach_burgas,Централен плаж Бургас,42.4924,27.4848,10.66,0.471,0.053,3.9,4.44
2026-03-25T08:00,morning,kraimorie,Крайморие,42.4428,27.4686,9.56,0.468,0.052,2.6,4.92
2026-03-25T16:00,afternoon,kraimorie,Крайморие,42.4428,27.4686,10.04,0.483,0.054,3.42,2.53
2026-03-26T08:00,morning,sarafovo,Сарафово,42.5695,27.521,9.6,0.426,0.056,2.66,2.67
2026-03-26T16:00,afternoon,sarafovo,Сарафово,42.5695,27.521,10.88,0.41,0.056,2.19,1.87
2026-03-26T08:00,morning,central_beach_burgas,Централен плаж Бургас,42.4924,27.4848,9.71,0.505,0.055,2.73,3.2
2026-03-26T16:00,afternoon,central_beach_burgas,Централен плаж Бургас,42.4924,27.4848,10.34,0.505,0.052,2.75,4.22
2026-03-26T08:00,morning,kraimorie,Крайморие,42.4428,27.4686,9.55,0.461,0.05,3.43,3.9
2026-03-26T16:00,afternoon,kraimorie,Крайморие,42.4428,27.4686,10.59,0.437,0.044,3.75,4.36
2026-03-27T08:00,morning,sarafovo,Сарафово,42.5695,27.521,10.43,0.458,0.052,2.64,4.41
2026-03-27T16:00,afternoon,sarafovo,Сарафово,42.5695,27.521,11.06,0.43,0.049,2.88,4.37
2026-03-27T08:00,morning,central_beach_burgas,Централен плаж Бургас,42.4924,27.4848,9.76,0.486,0.051,3.17,3.8
2026-03-27T16:00,afternoon,central_beach_burgas,Централен плаж Бургас,42.4924,27.4848,11.27,0.51,0.056,3.4,3.87
2026-03-27T08:00,morning,kraimorie,Крайморие,42.4428,27.4686,9.62,0.494,0.056,4.35,3.01
2026-03-27T16:00,afternoon,kraimorie,Крайморие,42.4428,27.4686,10.6,0.481,0.053,4.31,3.14
2026-03-28T08:00,morning,sarafovo,Сарафово,42.5695,27.521,9.73,0.423,0.046,2.17,4.95
2026-03-28T16:00,afternoon,sarafovo,Сарафово,42.5695,27.521,11.19,0.418,0.047,3.16,4.15
2026-03-28T08:00,morning,central_beach_burgas,Централен плаж Бургас,42.4924,27.4848,9.21,0.453,0.063,2.99,4.42
2026-03-28T16:00,afternoon,central_beach_burgas,Централен плаж Бургас,42.4924,27.4848,10.64,0.437,0.059,2.96,3.63
2026-03-28T08:00,morning,kraimorie,Крайморие,42.4428,27.4686,9.98,0.436,0.054,3.74,2.8
2026-03-28T16:00,afternoon,kraimorie,Крайморие,42.4428,27.4686,10.75,0.43,0.048,3.94,3.03
2026-03-29T08:00,morning,sarafovo,Сарафово,42.5695,27.521,9.9,0.427,0.047,3.76,4.2
2026-03-29T16:00,afternoon,sarafovo,Сарафово,42.5695,27.521,10.61,0.409,0.051,3.47,1.47
2026-03-29T08:00,morning,central_beach_burgas,Централен плаж Бургас,42.4924,27.4848,10.41,0.465,0.05,2.35,1.45
2026-03-29T16:00,afternoon,central_beach_burgas,Централен плаж Бургас,42.4924,27.4848,11.91,0.466,0.053,2.4,2.84
2026-03-29T08:00,morning,kraimorie,Крайморие,42.4428,27.4686,9.96,0.454,0.05,3.08,3.32
2026-03-29T16:00,afternoon,kraimorie,Крайморие,42.4428,27.4686,11.75,0.476,0.058,2.92,3.37
2026-03-30T08:00,morning,sarafovo,Сарафово,42.5695,27.521,10.33,0.45,0.045,2.32,2.84
2026-03-30T16:00,afternoon,sarafovo,Сарафово,42.5695,27.521,11.81,0.438,0.046,3.33,2.94
2026-03-30T08:00,morning,central_beach_burgas,Централен плаж Бургас,42.4924,27.4848,10.77,0.449,0.057,3.76,4.94
2026-03-30T16:00,afternoon,central_beach_burgas,Централен плаж Бургас,42.4924,27.4848,11.52,0.453,0.056,3.85,5.33
2026-03-30T08:00,morning,kraimorie,Крайморие,42.4428,27.4686,9.72,0.457,0.044,2.95,3.37
2026-03-30T16:00,afternoon,kraimorie,Крайморие,42.4428,27.4686,11.11,0.46,0.042,2.99,3.34
2026-03-31T08:00,morning,sarafovo,Сарафово,42.5695,27.521,10.59,0.416,0.036,2.67,4.72
2026-03-31T16:00,afternoon,sarafovo,Сарафово,42.5695,27.521,11.56,0.403,0.037,2.79,3.69
2026-03-31T08:00,morning,central_beach_burgas,Централен плаж Бургас,42.4924,27.4848,10.64,0.441,0.044,2.6,3.85
2026-03-31T16:00,afternoon,central_beach_burgas,Централен плаж Бургас,42.4924,27.4848,12.63,0.447,0.042,2.46,4.81
2026-03-31T08:00,morning,kraimorie,Крайморие,42.4428,27.4686,11.33,0.407,0.043,3.3,3.56
2026-03-31T16:00,afternoon,kraimorie,Крайморие,42.4428,27.4686,12.09,0.412,0.049,3.83,4.03
2026-04-01T08:00,morning,sarafovo,Сарафово,42.5695,27.521,10.36,0.396,0.046,3.95,2.59
2026-04-01T16:00,afternoon,sarafovo,Сарафово,42.5695,27.521,10.59,0.4,0.05,3.83,2.6
2026-04-01T08:00,morning,central_beach_burgas,Централен плаж Бургас,42.4924,27.4848,10.3,0.471,0.055,3.41,3.46
2026-04-01T16:00,afternoon,central_beach_burgas,Централен плаж Бургас,42.4924,27.4848,12.31,0.441,0.05,3.99,3.02
2026-04-01T08:00,morning,kraimorie,Крайморие,42.4428,27.4686,10.14,0.426,0.049,3.61,3.12
2026-04-01T16:00,afternoon,kraimorie,Крайморие,42.4428,27.4686,11.37,0.441,0.058,3.15,1.65
2026-04-02T08:00,morning,sarafovo,Сарафово,42.5695,27.521,9.59,0.408,0.054,3.75,3.55
2026-04-02T16:00,afternoon,sarafovo,Сарафово,42.5695,27.521,12.27,0.417,0.048,3.8,3.46
2026-04-02T08:00,morning,central_beach_burgas,Централен плаж Бургас,42.4924,27.4848,10.53,0.455,0.05,2.48,3.07
2026-04-02T16:00,afternoon,central_beach_burgas,Централен плаж Бургас,42.4924,27.4848,12.22,0.472,0.052,3.12,3.79
2026-04-02T08:00,morning,kraimorie,Крайморие,42.4428,27.4686,11.29,0.44,0.051,4.26,3.27
2026-04-02T16:00,afternoon,kraimorie,Крайморие,42.4428,27.4686,11.7,0.44,0.052,4.11,3.53
2026-04-03T08:00,morning,sarafovo,Сарафово,42.5695,27.521,10.89,0.399,0.047,2.66,3.76
2026-04-03T16:00,afternoon,sarafovo,Сарафово,42.5695,27.521,11.2,0.388,0.047,2.79,2.68
2026-04-03T08:00,morning,central_beach_burgas,Централен плаж Бургас,42.4924,27.4848,10.44,0.425,0.057,2.77,4.2
2026-04-03T16:00,afternoon,central_beach_burgas,Централен плаж Бургас,42.4924,27.4848,12.79,0.426,0.058,3.01,3.66
2026-04-03T08:00,morning,kraimorie,Крайморие,42.4428,27.4686,10.75,0.405,0.045,1.97,3.43
2026-04-03T16:00,afternoon,kraimorie,Крайморие,42.4428,27.4686,12.08,0.421,0.045,2.63,2.99
2026-04-04T08:00,morning,sarafovo,Сарафово,42.5695,27.521,11.05,0.421,0.027,2.46,3.74
2026-04-04T16:00,afternoon,sarafovo,Сарафово,42.5695,27.521,11.46,0.395,0.033,2.82,2.41
2026-04-04T08:00,morning,central_beach_burgas,Централен плаж Бургас,42.4924,27.4848,11.81,0.455,0.053,3.66,2.59
2026-04-04T16:00,afternoon,central_beach_burgas,Централен плаж Бургас,42.4924,27.4848,13.3,0.421,0.049,3.39,4.96
2026-04-04T08:00,morning,kraimorie,Крайморие,42.4428,27.4686,11.67,0.458,0.054,3.27,4.45
2026-04-04T16:00,afternoon,kraimorie,Крайморие,42.4428,27.4686,12.98,0.498,0.048,2.54,2.84
2026-04-05T08:00,morning,sarafovo,Сарафово,42.5695,27.521,10.75,0.428,0.042,3.8,4.51
2026-04-05T16:00,afternoon,sarafovo,Сарафово,42.5695,27.521,12.2,0.453,0.042,3.75,3.74
2026-04-05T08:00,morning,central_beach_burgas,Централен плаж Бургас,42.4924,27.4848,12.2,0.511,0.049,3.98,2.39
2026-04-05T16:00,afternoon,central_beach_burgas,Централен плаж Бургас,42.4924,27.4848,13.08,0.48,0.044,2.64,0.4
2026-04-05T08:00,morning,kraimorie,Крайморие,42.4428,27.4686,11.45,0.48,0.047,2.94,3.53
2026-04-05T16:00,afternoon,kraimorie,Крайморие,42.4428,27.4686,12.68,0.465,0.056,3.09,2.41
2026-04-06T08:00,morning,sarafovo,Сарафово,42.5695,27.521,12.08,0.405,0.038,3.49,3.11
2026-04-06T16:00,afternoon,sarafovo,Сарафово,42.5695,27.521,12.08,0.418,0.044,3.5,3.31
2026-04-06T08:00,morning,central_beach_burgas,Централен плаж Бургас,42.4924,27.4848,11.66,0.471,0.044,3.27,3.55
2026-04-06T16:00,afternoon,central_beach_burgas,Централен плаж Бургас,42.4924,27.4848,11.8,0.472,0.045,3.32,2.25
2026-04-06T08:00,morning,kraimorie,Крайморие,42.4428,27.4686,12.07,0.425,0.053,2.85,3.54
2026-04-06T16:00,afternoon,kraimorie,Крайморие,42.4428,27.4686,11.91,0.41,0.054,3.03,3.15
2026-04-07T08:00,morning,sarafovo,Сарафово,42.5695,27.521,11.79,0.364,0.044,2.81,3.16
2026-04-07T16:00,afternoon,sarafovo,Сарафово,42.5695,27.521,13.6,0.356,0.044,3.57,3.66
2026-04-07T08:00,morning,central_beach_burgas,Централен плаж Бургас,42.4924,27.4848,10.95,0.419,0.046,2.82,2.98
2026-04-07T16:00,afternoon,central_beach_burgas,Централен плаж Бургас,42.4924,27.4848,13.11,0.431,0.05,3.47,3.83
2026-04-07T08:00,morning,kraimorie,Крайморие,42.4428,27.4686,12.02,0.422,0.049,2.07,2.88
2026-04-07T16:00,afternoon,kraimorie,Крайморие,42.4428,27.4686,12.95,0.432,0.047,2.32,2.36
2026-04-08T08:00,morning,sarafovo,Сарафово,42.5695,27.521,11.76,0.389,0.052,3.08,1.85
2026-04-08T16:00,afternoon,sarafovo,Сарафово,42.5695,27.521,12.56,0.399,0.048,3.59,3.03
2026-04-08T08:00,morning,central_beach_burgas,Централен плаж Бургас,42.4924,27.4848,12.33,0.44,0.055,3.12,3.35
2026-04-08T16:00,afternoon,central_beach_burgas,Централен плаж Бургас,42.4924,27.4848,13.44,0.45,0.053,2.82,3.02
2026-04-08T08:00,morning,kraimorie,Крайморие,42.4428,27.4686,11.74,0.439,0.045,2.92,3.34
2026-04-08T16:00,afternoon,kraimorie,Крайморие,42.4428,27.4686,12.75,0.435,0.037,3.54,3.91
2026-04-09T08:00,morning,sarafovo,Сарафово,42.5695,27.521,11.41,0.396,0.04,2.69,4.39
2026-04-09T16:00,afternoon,sarafovo,Сарафово,42.5695,27.521,13.35,0.36,0.04,3.09,3.45
2026-04-09T08:00,morning,central_beach_burgas,Централен плаж Бургас,42.4924,27.4848,12.23,0.432,0.059,4.28,3.5
2026-04-09T16:00,afternoon,central_beach_burgas,Централен плаж Бургас,42.4924,27.4848,13.5,0.416,0.056,4.06,3.14
2026-04-09T08:00,morning,kraimorie,Крайморие,42.4428,27.4686,11.81,0.42,0.051,3.73,3.48
2026-04-09T16:00,afternoon,kraimorie,Крайморие,42.4428,27.4686,12.58,0.426,0.047,4.01,3.38
2026-04-10T08:00,morning,sarafovo,Сарафово,42.5695,27.521,11.94,0.361,0.033,3.18,4.01
2026-04-10T16:00,afternoon,sarafovo,Сарафово,42.5695,27.521,12.83,0.358,0.032,3.4,4.62
2026-04-10T08:00,morning,central_beach_burgas,Централен плаж Бургас,42.4924,27.4848,12.34,0.46,0.053,3.92,4.86
2026-04-10T16:00,afternoon,central_beach_burgas,Централен плаж Бургас,42.4924,27.4848,13.23,0.461,0.053,3.54,4.15
2026-04-10T08:00,morning,kraimorie,Крайморие,42.4428,27.4686,12.56,0.418,0.045,4.02,3.76
2026-04-10T16:00,afternoon,kraimorie,Крайморие,42.4428,27.4686,12.88,0.395,0.051,2.99,3.61
2026-04-11T08:00,morning,sarafovo,Сарафово,42.5695,27.521,11.81,0.409,0.043,2.71,2.32
2026-04-11T16:00,afternoon,sarafovo,Сарафово,42.5695,27.521,13.78,0.412,0.048,3.25,2.74
2026-04-11T08:00,morning,central_beach_burgas,Централен плаж Бургас,42.4924,27.4848,11.8,0.456,0.044,3.89,4.7
2026-04-11T16:00,afternoon,central_beach_burgas,Централен плаж Бургас,42.4924,27.4848,13.5,0.411,0.038,4.2,5.34
2026-04-11T08:00,morning,kraimorie,Крайморие,42.4428,27.4686,13.26,0.392,0.046,4.0,4.68
2026-04-11T16:00,afternoon,kraimorie,Крайморие,42.4428,27.4686,13.14,0.413,0.046,3.05,3.92
2026-04-12T08:00,morning,sarafovo,Сарафово,42.5695,27.521,13.0,0.389,0.041,3.43,3.14
2026-04-12T16:00,afternoon,sarafovo,Сарафово,42.5695,27.521,14.28,0.388,0.044,2.91,3.57
2026-04-12T08:00,morning,central_beach_burgas,Централен плаж Бургас,42.4924,27.4848,12.81,0.45,0.048,3.32,3.44
2026-04-12T16:00,afternoon,central_beach_burgas,Централен плаж Бургас,42.4924,27.4848,13.65,0.452,0.056,3.44,3.8
2026-04-12T08:00,morning,kraimorie,Крайморие,42.4428,27.4686,12.18,0.408,0.044,3.41,4.72
2026-04-12T16:00,afternoon,kraimorie,Крайморие,42.4428,27.4686,13.01,0.417,0.037,4.79,3.29
2026-04-13T08:00,morning,sarafovo,Сарафово,42.5695,27.521,13.01,0.405,0.048,3.25,4.05
2026-04-13T16:00,afternoon,sarafovo,Сарафово,42.5695,27.521,13.21,0.409,0.052,2.86,4.15
2026-04-13T08:00,morning,central_beach_burgas,Централен плаж Бургас,42.4924,27.4848,12.32,0.461,0.045,2.48,3.4
2026-04-13T16:00,afternoon,central_beach_burgas,Централен плаж Бургас,42.4924,27.4848,13.77,0.465,0.05,3.32,4.25
2026-04-13T08:00,morning,kraimorie,Крайморие,42.4428,27.4686,12.8,0.431,0.045,2.74,3.89
2026-04-13T16:00,afternoon,kraimorie,Крайморие,42.4428,27.4686,13.16,0.431,0.043,3.06,3.93
2026-04-14T08:00,morning,sarafovo,Сарафово,42.5695,27.521,13.12,0.377,0.029,2.47,4.02
2026-04-14T16:00,afternoon,sarafovo,Сарафово,42.5695,27.521,13.62,0.358,0.027,2.57,4.13
2026-04-14T08:00,morning,central_beach_burgas,Централен плаж Бургас,42.4924,27.4848,12.81,0.467,0.043,3.45,3.68
2026-04-14T16:00,afternoon,central_beach_burgas,Централен плаж Бургас,42.4924,27.4848,13.55,0.448,0.039,4.19,3.2
2026-04-14T08:00,morning,kraimorie,Крайморие,42.4428,27.4686,12.96,0.451,0.047,3.27,3.7
2026-04-14T16:00,afternoon,kraimorie,Крайморие,42.4428,27.4686,13.18,0.449,0.048,3.96,4.21
2026-04-15T08:00,morning,sarafovo,Сарафово,42.5695,27.521,12.64,0.402,0.037,3.44,2.73
2026-04-15T16:00,afternoon,sarafovo,Сарафово,42.5695,27.521,13.99,0.372,0.04,3.2,2.89
2026-04-15T08:00,morning,central_beach_burgas,Централен плаж Бургас,42.4924,27.4848,13.57,0.486,0.056,4.22,3.54
2026-04-15T16:00,afternoon,central_beach_burgas,Централен плаж Бургас,42.4924,27.4848,14.94,0.468,0.057,3.45,4.77
2026-04-15T08:00,morning,kraimorie,Крайморие,42.4428,27.4686,13.66,0.466,0.044,3.07,2.98
2026-04-15T16:00,afternoon,kraimorie,Крайморие,42.4428,27.4686,13.8,0.459,0.044,3.03,4.95
2026-04-16T08:00,morning,sarafovo,Сарафово,42.5695,27.521,12.8,0.488,0.061,4.08,3.06
2026-04-16T16:00,afternoon,sarafovo,Сарафово,42.5695,27.521,13.95,0.466,0.058,4.18,4.3
2026-04-16T08:00,morning,central_beach_burgas,Централен плаж Бургас,42.4924,27.4848,13.47,0.65,0.07,5.56,3.83
2026-04-16T16:00,afternoon,central_beach_burgas,Централен плаж Бургас,42.4924,27.4848,14.02,0.646,0.076,5.98,3.91
2026-04-16T08:00,morning,kraimorie,Крайморие,42.4428,27.4686,13.02,0.508,0.061,3.1,3.29
2026-04-16T16:00,afternoon,kraimorie,Крайморие,42.4428,27.4686,13.88,0.506,0.045,4.2,3.39
2026-04-17T08:00,morning,sarafovo,Сарафово,42.5695,27.521,13.02,0.656,0.074,4.46,4.93
2026-04-17T16:00,afternoon,sarafovo,Сарафово,42.5695,27.521,14.63,0.633,0.08,4.29,4.34
2026-04-17T08:00,morning,central_beach_burgas,Централен плаж Бургас,42.4924,27.4848,13.26,0.799,0.097,6.07,3.56
2026-04-17T16:00,afternoon,central_beach_burgas,Централен плаж Бургас,42.4924,27.4848,14.17,0.752,0.095,6.25,3.49
2026-04-17T08:00,morning,kraimorie,Крайморие,42.4428,27.4686,13.61,0.649,0.081,6.07,3.97
2026-04-17T16:00,afternoon,kraimorie,Крайморие,42.4428,27.4686,14.72,0.645,0.087,6.78,3.67
2026-04-18T08:00,morning,sarafovo,Сарафово,42.5695,27.521,14.01,0.73,0.093,6.27,4.82
2026-04-18T16:00,afternoon,sarafovo,Сарафово,42.5695,27.521,14.61,0.76,0.093,5.79,4.45
2026-04-18T08:00,morning,central_beach_burgas,Централен плаж Бургас,42.4924,27.4848,13.57,0.802,0.11,6.12,4.37
2026-04-18T16:00,afternoon,central_beach_burgas,Централен плаж Бургас,42.4924,27.4848,14.91,0.838,0.111,6.07,5.55
2026-04-18T08:00,morning,kraimorie,Крайморие,42.4428,27.4686,12.86,0.772,0.102,6.46,3.66
2026-04-18T16:00,afternoon,kraimorie,Крайморие,42.4428,27.4686,14.79,0.772,0.108,6.62,3.74
2026-04-19T08:00,morning,sarafovo,Сарафово,42.5695,27.521,13.1,0.652,0.092,4.39,4.68
2026-04-19T16:00,afternoon,sarafovo,Сарафово,42.5695,27.521,15.53,0.643,0.093,5.06,3.88
2026-04-19T08:00,morning,central_beach_burgas,Централен плаж Бургас,42.4924,27.4848,12.41,0.639,0.076,5.38,4.14
2026-04-19T16:00,afternoon,central_beach_burgas,Централен плаж Бургас,42.4924,27.4848,15.14,0.644,0.086,5.57,3.17
2026-04-19T08:00,morning,kraimorie,Крайморие,42.4428,27.4686,13.2,0.69,0.091,5.9,3.47
2026-04-19T16:00,afternoon,kraimorie,Крайморие,42.4428,27.4686,14.85,0.669,0.093,5.37,4.97
2026-04-20T08:00,morning,sarafovo,Сарафово,42.5695,27.521,13.16,0.451,0.067,3.39,4.0
2026-04-20T16:00,afternoon,sarafovo,Сарафово,42.5695,27.521,14.88,0.448,0.069,4.08,3.89
2026-04-20T08:00,morning,central_beach_burgas,Централен плаж Бургас,42.4924,27.4848,14.19,0.482,0.075,4.06,3.62
2026-04-20T16:00,afternoon,central_beach_burgas,Централен плаж Бургас,42.4924,27.4848,14.94,0.472,0.061,3.91,4.43
2026-04-20T08:00,morning,kraimorie,Крайморие,42.4428,27.4686,13.18,0.515,0.064,3.56,4.69
2026-04-20T16:00,afternoon,kraimorie,Крайморие,42.4428,27.4686,15.51,0.527,0.065,4.22,4.53
2026-04-21T08:00,morning,sarafovo,Сарафово,42.5695,27.521,13.6,0.41,0.041,2.77,5.08
2026-04-21T16:00,afternoon,sarafovo,Сарафово,42.5695,27.521,14.89,0.411,0.042,2.57,4.0
2026-04-21T08:00,morning,central_beach_burgas,Централен плаж Бургас,42.4924,27.4848,13.83,0.445,0.045,2.66,3.03
2026-04-21T16:00,afternoon,central_beach_burgas,Централен плаж Бургас,42.4924,27.4848,14.77,0.441,0.049,2.79,2.71
2026-04-21T08:00,morning,kraimorie,Крайморие,42.4428,27.4686,14.02,0.458,0.048,2.82,5.32
2026-04-21T16:00,afternoon,kraimorie,Крайморие,42.4428,27.4686,15.57,0.427,0.057,3.25,5.25
2026-04-22T08:00,morning,sarafovo,Сарафово,42.5695,27.521,13.66,0.396,0.043,3.07,4.11
2026-04-22T16:00,afternoon,sarafovo,Сарафово,42.5695,27.521,15.31,0.383,0.039,4.04,4.78
2026-04-22T08:00,morning,central_beach_burgas,Централен плаж Бургас,42.4924,27.4848,14.25,0.453,0.043,3.84,3.59
2026-04-22T16:00,afternoon,central_beach_burgas,Централен плаж Бургас,42.4924,27.4848,16.11,0.431,0.044,3.66,3.88
2026-04-22T08:00,morning,kraimorie,Крайморие,42.4428,27.4686,13.7,0.426,0.041,3.47,5.68
2026-04-22T16:00,afternoon,kraimorie,Крайморие,42.4428,27.4686,15.06,0.428,0.038,3.56,4.13
2026-04-23T08:00,morning,sarafovo,Сарафово,42.5695,27.521,14.22,0.363,0.044,4.31,4.63
2026-04-23T16:00,afternoon,sarafovo,Сарафово,42.5695,27.521,15.65,0.364,0.032,4.48,5.76
2026-04-23T08:00,morning,central_beach_burgas,Централен плаж Бургас,42.4924,27.4848,15.16,0.465,0.046,3.4,4.23
2026-04-23T16:00,afternoon,central_beach_burgas,Централен плаж Бургас,42.4924,27.4848,15.04,0.476,0.049,3.85,3.97
2026-04-23T08:00,morning,kraimorie,Крайморие,42.4428,27.4686,14.47,0.414,0.05,3.32,3.17
2026-04-23T16:00,afternoon,kraimorie,Крайморие,42.4428,27.4686,15.46,0.428,0.049,3.42,2.65
2026-04-24T08:00,morning,sarafovo,Сарафово,42.5695,27.521,14.17,0.353,0.048,3.47,3.28
2026-04-24T16:00,afternoon,sarafovo,Сарафово,42.5695,27.521,15.13,0.378,0.037,2.72,2.51
2026-04-24T08:00,morning,central_beach_burgas,Централен плаж Бургас,42.4924,27.4848,14.56,0.462,0.06,3.68,3.47
2026-04-24T16:00,afternoon,central_beach_burgas,Централен плаж Бургас,42.4924,27.4848,15.9,0.45,0.053,3.36,4.69
2026-04-24T08:00,morning,kraimorie,Крайморие,42.4428,27.4686,15.25,0.411,0.052,3.66,3.94
2026-04-24T16:00,afternoon,kraimorie,Крайморие,42.4428,27.4686,15.73,0.405,0.042,3.03,3.56
2026-04-25T08:00,morning,sarafovo,Сарафово,42.5695,27.521,15.09,0.415,0.041,3.02,3.44
2026-04-25T16:00,afternoon,sarafovo,Сарафово,42.5695,27.521,16.69,0.415,0.033,3.52,3.91
2026-04-25T08:00,morning,central_beach_burgas,Централен плаж Бургас,42.4924,27.4848,14.61,0.416,0.033,2.62,3.86
2026-04-25T16:00,afternoon,central_beach_burgas,Централен плаж Бургас,42.4924,27.4848,15.32,0.423,0.023,2.83,4.6
2026-04-25T08:00,morning,kraimorie,Крайморие,42.4428,27.4686,13.28,0.379,0.045,2.41,5.85
2026-04-25T16:00,afternoon,kraimorie,Крайморие,42.4428,27.4686,16.04,0.369,0.05,2.66,3.8
2026-04-26T08:00,morning,sarafovo,Сарафово,42.5695,27.521,14.91,0.34,0.049,3.47,3.75
2026-04-26T16:00,afternoon,sarafovo,Сарафово,42.5695,27.521,15.97,0.342,0.048,2.92,3.27
2026-04-26T08:00,morning,central_beach_burgas,Централен плаж Бургас,42.4924,27.4848,14.57,0.448,0.04,3.1,4.4
2026-04-26T16:00,afternoon,central_beach_burgas,Централен плаж Бургас,42.4924,27.4848,17.13,0.457,0.034,3.02,3.3
2026-04-26T08:00,morning,kraimorie,Крайморие,42.4428,27.4686,14.69,0.408,0.04,3.09,4.48
2026-04-26T16:00,afternoon,kraimorie,Крайморие,42.4428,27.4686,15.77,0.404,0.041,3.23,4.64
2026-04-27T08:00,morning,sarafovo,Сарафово,42.5695,27.521,15.19,0.381,0.036,3.19,4.34
2026-04-27T16:00,afternoon,sarafovo,Сарафово,42.5695,27.521,17.29,0.387,0.039,2.5,4.75
2026-04-27T08:00,morning,central_beach_burgas,Централен плаж Бургас,42.4924,27.4848,15.45,0.481,0.04,2.82,1.84
2026-04-27T16:00,afternoon,central_beach_burgas,Централен плаж Бургас,42.4924,27.4848,16.57,0.459,0.039,3.39,2.9
2026-04-27T08:00,morning,kraimorie,Крайморие,42.4428,27.4686,14.94,0.403,0.038,3.49,3.64
2026-04-27T16:00,afternoon,kraimorie,Крайморие,42.4428,27.4686,16.3,0.381,0.034,3.37,3.24
2026-04-28T08:00,morning,sarafovo,Сарафово,42.5695,27.521,15.41,0.405,0.028,4.05,5.11
2026-04-28T16:00,afternoon,sarafovo,Сарафово,42.5695,27.521,16.15,0.399,0.032,2.95,3.64
2026-04-28T08:00,morning,central_beach_burgas,Централен плаж Бургас,42.4924,27.4848,14.95,0.43,0.044,4.05,4.21
2026-04-28T16:00,afternoon,central_beach_burgas,Централен плаж Бургас,42.4924,27.4848,16.77,0.414,0.043,3.33,3.14
2026-04-28T08:00,morning,kraimorie,Крайморие,42.4428,27.4686,15.01,0.412,0.03,3.55,3.2
2026-04-28T16:00,afternoon,kraimorie,Крайморие,42.4428,27.4686,16.61,0.42,0.03,3.16,3.28
2026-04-29T08:00,morning,sarafovo,Сарафово,42.5695,27.521,15.89,0.413,0.033,2.4,4.25
2026-04-29T16:00,afternoon,sarafovo,Сарафово,42.5695,27.521,16.18,0.416,0.029,2.4,4.15
2026-04-29T08:00,morning,central_beach_burgas,Централен плаж Бургас,42.4924,27.4848,15.09,0.467,0.038,3.01,3.11
2026-04-29T16:00,afternoon,central_beach_burgas,Централен плаж Бургас,42.4924,27.4848,15.57,0.428,0.049,3.29,4.47
2026-04-29T08:00,morning,kraimorie,Крайморие,42.4428,27.4686,14.65,0.429,0.045,2.21,3.61
2026-04-29T16:00,afternoon,kraimorie,Крайморие,42.4428,27.4686,17.07,0.449,0.046,2.45,3.83
2026-04-30T08:00,morning,sarafovo,Сарафово,42.5695,27.521,14.96,0.398,0.042,3.11,4.9
2026-04-30T16:00,afternoon,sarafovo,Сарафово,42.5695,27.521,17.06,0.395,0.044,3.14,5.3
2026-04-30T08:00,morning,central_beach_burgas,Централен плаж Бургас,42.4924,27.4848,15.08,0.437,0.04,3.34,4.4
2026-04-30T16:00,afternoon,central_beach_burgas,Централен плаж Бургас,42.4924,27.4848,16.48,0.464,0.043,2.79,4.05
2026-04-30T08:00,morning,kraimorie,Крайморие,42.4428,27.4686,15.32,0.372,0.042,3.16,3.07
2026-04-30T16:00,afternoon,kraimorie,Крайморие,42.4428,27.4686,17.37,0.375,0.031,3.8,3.62
2026-05-01T08:00,morning,sarafovo,Сарафово,42.5695,27.521,14.86,0.382,0.039,4.18,7.49
2026-05-01T16:00,afternoon,sarafovo,Сарафово,42.5695,27.521,17.37,0.362,0.034,4.76,8.18
2026-05-01T08:00,morning,central_beach_burgas,Централен плаж Бургас,42.4924,27.4848,16.11,0.427,0.046,4.11,7.95
2026-05-01T16:00,afternoon,central_beach_burgas,Централен плаж Бургас,42.4924,27.4848,17.15,0.411,0.055,3.34,8.61
2026-05-01T08:00,morning,kraimorie,Крайморие,42.4428,27.4686,15.61,0.391,0.033,3.18,7.44
2026-05-01T16:00,afternoon,kraimorie,Крайморие,42.4428,27.4686,17.63,0.372,0.041,3.85,7.29
2026-05-02T08:00,morning,sarafovo,Сарафово,42.5695,27.521,16.09,0.374,0.04,4.57,8.64
2026-05-02T16:00,afternoon,sarafovo,Сарафово,42.5695,27.521,17.92,0.362,0.03,3.83,6.8
2026-05-02T08:00,morning,central_beach_burgas,Централен плаж Бургас,42.4924,27.4848,16.88,0.467,0.04,3.37,9.74
2026-05-02T16:00,afternoon,central_beach_burgas,Централен плаж Бургас,42.4924,27.4848,17.11,0.449,0.042,4.09,10.22
2026-05-02T08:00,morning,kraimorie,Крайморие,42.4428,27.4686,15.25,0.375,0.042,3.99,8.21
2026-05-02T16:00,afternoon,kraimorie,Крайморие,42.4428,27.4686,16.87,0.371,0.04,4.55,7.3
2026-05-03T08:00,morning,sarafovo,Сарафово,42.5695,27.521,16.34,0.412,0.054,4.29,7.51
2026-05-03T16:00,afternoon,sarafovo,Сарафово,42.5695,27.521,17.01,0.444,0.049,4.45,7.34
2026-05-03T08:00,morning,central_beach_burgas,Централен плаж Бургас,42.4924,27.4848,15.81,0.515,0.052,4.17,8.97
2026-05-03T16:00,afternoon,central_beach_burgas,Централен плаж Бургас,42.4924,27.4848,17.15,0.492,0.05,3.56,9.2
2026-05-03T08:00,morning,kraimorie,Крайморие,42.4428,27.4686,16.04,0.419,0.04,4.07,8.84
2026-05-03T16:00,afternoon,kraimorie,Крайморие,42.4428,27.4686,17.16,0.413,0.035,3.6,7.67
2026-05-04T08:00,morning,sarafovo,Сарафово,42.5695,27.521,16.55,0.445,0.057,4.68,7.0
2026-05-04T16:00,afternoon,sarafovo,Сарафово,42.5695,27.521,17.27,0.478,0.054,5.48,8.15
2026-05-04T08:00,morning,central_beach_burgas,Централен плаж Бургас,42.4924,27.4848,16.47,0.602,0.076,6.63,8.91
2026-05-04T16:00,afternoon,central_beach_burgas,Централен плаж Бургас,42.4924,27.4848,18.05,0.595,0.082,6.53,8.14
2026-05-04T08:00,morning,kraimorie,Крайморие,42.4428,27.4686,16.7,0.455,0.061,4.02,7.39
2026-05-04T16:00,afternoon,kraimorie,Крайморие,42.4428,27.4686,18.49,0.445,0.059,5.16,6.79
2026-05-05T08:00,morning,sarafovo,Сарафово,42.5695,27.521,15.32,0.615,0.087,6.22,7.88
2026-05-05T16:00,afternoon,sarafovo,Сарафово,42.5695,27.521,18.04,0.609,0.079,6.44,8.21
2026-05-05T08:00,morning,central_beach_burgas,Централен плаж Бургас,42.4924,27.4848,16.74,0.752,0.101,6.79,9.15
2026-05-05T16:00,afternoon,central_beach_burgas,Централен плаж Бургас,42.4924,27.4848,18.34,0.736,0.099,6.4,9.01
2026-05-05T08:00,morning,kraimorie,Крайморие,42.4428,27.4686,17.01,0.667,0.071,5.74,9.81
2026-05-05T16:00,afternoon,kraimorie,Крайморие,42.4428,27.4686,17.81,0.64,0.073,6.18,9.64
2026-05-06T08:00,morning,sarafovo,Сарафово,42.5695,27.521,15.96,0.698,0.102,6.83,10.35
2026-05-06T16:00,afternoon,sarafovo,Сарафово,42.5695,27.521,18.11,0.677,0.101,6.68,9.03
2026-05-06T08:00,morning,central_beach_burgas,Централен плаж Бургас,42.4924,27.4848,16.78,0.805,0.1,6.74,9.04
2026-05-06T16:00,afternoon,central_beach_burgas,Централен плаж Бургас,42.4924,27.4848,18.43,0.778,0.099,7.07,8.02
2026-05-06T08:00,morning,kraimorie,Крайморие,42.4428,27.4686,16.26,0.751,0.098,6.71,6.58
2026-05-06T16:00,afternoon,kraimorie,Крайморие,42.4428,27.4686,17.79,0.77,0.101,6.07,7.9
2026-05-07T08:00,morning,sarafovo,Сарафово,42.5695,27.521,16.15,0.591,0.077,6.41,9.25
2026-05-07T16:00,afternoon,sarafovo,Сарафово,42.5695,27.521,18.36,0.62,0.08,6.18,8.83
2026-05-07T08:00,morning,central_beach_burgas,Централен плаж Бургас,42.4924,27.4848,17.45,0.616,0.071,4.95,9.54
2026-05-07T16:00,afternoon,central_beach_burgas,Централен плаж Бургас,42.4924,27.4848,18.38,0.626,0.068,6.13,11.19
2026-05-07T08:00,morning,kraimorie,Крайморие,42.4428,27.4686,16.53,0.66,0.09,6.81,12.44
2026-05-07T16:00,afternoon,kraimorie,Крайморие,42.4428,27.4686,19.11,0.651,0.088,6.74,11.73
2026-05-08T08:00,morning,sarafovo,Сарафово,42.5695,27.521,17.43,0.459,0.052,5.67,11.97
2026-05-08T16:00,afternoon,sarafovo,Сарафово,42.5695,27.521,18.62,0.43,0.057,5.51,13.03
2026-05-08T08:00,morning,central_beach_burgas,Централен плаж Бургас,42.4924,27.4848,17.11,0.444,0.051,4.97,12.65
2026-05-08T16:00,afternoon,central_beach_burgas,Централен плаж Бургас,42.4924,27.4848,18.52,0.452,0.054,5.88,13.16
2026-05-08T08:00,morning,kraimorie,Крайморие,42.4428,27.4686,16.72,0.508,0.063,5.68,9.72
2026-05-08T16:00,afternoon,kraimorie,Крайморие,42.4428,27.4686,18.27,0.499,0.056,6.2,11.22
2026-05-09T08:00,morning,sarafovo,Сарафово,42.5695,27.521,16.76,0.339,0.025,4.62,13.32
2026-05-09T16:00,afternoon,sarafovo,Сарафово,42.5695,27.521,17.12,0.339,0.028,4.94,13.25
2026-05-09T08:00,morning,central_beach_burgas,Централен плаж Бургас,42.4924,27.4848,16.75,0.347,0.045,4.91,12.69
2026-05-09T16:00,afternoon,central_beach_burgas,Централен плаж Бургас,42.4924,27.4848,18.67,0.375,0.042,4.44,13.1
2026-05-09T08:00,morning,kraimorie,Крайморие,42.4428,27.4686,17.24,0.354,0.032,4.94,14.44
2026-05-09T16:00,afternoon,kraimorie,Крайморие,42.4428,27.4686,18.09,0.372,0.035,4.87,13.37
2026-05-10T08:00,morning,sarafovo,Сарафово,42.5695,27.521,16.83,0.375,0.031,4.92,11.68
2026-05-10T16:00,afternoon,sarafovo,Сарафово,42.5695,27.521,19.2,0.358,0.037,5.0,11.51
2026-05-10T08:00,morning,central_beach_burgas,Централен плаж Бургас,42.4924,27.4848,17.41,0.402,0.028,4.66,12.18
2026-05-10T16:00,afternoon,central_beach_burgas,Централен плаж Бургас,42.4924,27.4848,19.34,0.43,0.028,4.27,12.15
2026-05-10T08:00,morning,kraimorie,Крайморие,42.4428,27.4686,16.52,0.327,0.032,4.38,14.01
2026-05-10T16:00,afternoon,kraimorie,Крайморие,42.4428,27.4686,19.56,0.325,0.028,3.09,13.65
2026-05-11T08:00,morning,sarafovo,Сарафово,42.5695,27.521,17.27,0.325,0.04,4.83,10.09
2026-05-11T16:00,afternoon,sarafovo,Сарафово,42.5695,27.521,18.62,0.34,0.03,4.92,10.71
2026-05-11T08:00,morning,central_beach_burgas,Централен плаж Бургас,42.4924,27.4848,18.0,0.431,0.046,4.22,9.9
2026-05-11T16:00,afternoon,central_beach_burgas,Централен плаж Бургас,42.4924,27.4848,19.0,0.429,0.038,3.85,10.84
2026-05-11T08:00,morning,kraimorie,Крайморие,42.4428,27.4686,16.81,0.34,0.035,4.99,11.71
2026-05-11T16:00,afternoon,kraimorie,Крайморие,42.4428,27.4686,18.32,0.338,0.03,4.88,12.85
2026-05-12T08:00,morning,sarafovo,Сарафово,42.5695,27.521,18.09,0.342,0.026,2.76,10.23
2026-05-12T16:00,afternoon,sarafovo,Сарафово,42.5695,27.521,18.83,0.346,0.026,3.21,9.46
2026-05-12T08:00,morning,central_beach_burgas,Централен плаж Бургас,42.4924,27.4848,17.81,0.384,0.029,3.19,8.21
2026-05-12T16:00,afternoon,central_beach_burgas,Централен плаж Бургас,42.4924,27.4848,19.78,0.414,0.036,2.83,9.07
2026-05-12T08:00,morning,kraimorie,Крайморие,42.4428,27.4686,17.88,0.4,0.028,3.78,11.26
2026-05-12T16:00,afternoon,kraimorie,Крайморие,42.4428,27.4686,19.43,0.39,0.023,4.0,10.74
2026-05-13T08:00,morning,sarafovo,Сарафово,42.5695,27.521,17.54,0.334,0.035,3.77,8.17
2026-05-13T16:00,afternoon,sarafovo,Сарафово,42.5695,27.521,19.43,0.314,0.038,3.44,9.11
2026-05-13T08:00,morning,central_beach_burgas,Централен плаж Бургас,42.4924,27.4848,17.88,0.358,0.031,3.77,9.96
2026-05-13T16:00,afternoon,central_beach_burgas,Централен плаж Бургас,42.4924,27.4848,18.96,0.361,0.031,2.83,9.39
2026-05-13T08:00,morning,kraimorie,Крайморие,42.4428,27.4686,18.08,0.401,0.043,4.22,7.95
2026-05-13T16:00,afternoon,kraimorie,Крайморие,42.4428,27.4686,19.09,0.422,0.041,3.38,7.99
2026-05-14T08:00,morning,sarafovo,Сарафово,42.5695,27.521,16.82,0.353,0.038,3.62,7.61
2026-05-14T16:00,afternoon,sarafovo,Сарафово,42.5695,27.521,18.91,0.355,0.043,3.44,8.33
2026-05-14T08:00,morning,central_beach_burgas,Централен плаж Бургас,42.4924,27.4848,17.99,0.419,0.036,4.85,10.34
2026-05-14T16:00,afternoon,central_beach_burgas,Централен плаж Бургас,42.4924,27.4848,19.59,0.392,0.033,4.37,10.16
2026-05-14T08:00,morning,kraimorie,Крайморие,42.4428,27.4686,17.51,0.382,0.036,3.77,10.68
2026-05-14T16:00,afternoon,kraimorie,Крайморие,42.4428,27.4686,19.38,0.425,0.032,4.6,10.85
2026-05-15T08:00,morning,sarafovo,Сарафово,42.5695,27.521,18.16,0.405,0.031,3.36,6.68
2026-05-15T16:00,afternoon,sarafovo,Сарафово,42.5695,27.521,19.52,0.393,0.028,3.07,8.13
2026-05-15T08:00,morning,central_beach_burgas,Централен плаж Бургас,42.4924,27.4848,17.47,0.37,0.047,3.73,9.89
2026-05-15T16:00,afternoon,central_beach_burgas,Централен плаж Бургас,42.4924,27.4848,20.08,0.39,0.048,3.47,9.06
2026-05-15T08:00,morning,kraimorie,Крайморие,42.4428,27.4686,17.93,0.405,0.044,4.76,7.02
2026-05-15T16:00,afternoon,kraimorie,Крайморие,42.4428,27.4686,19.18,0.392,0.037,4.34,7.71
